script,runtime,timestamp,server,cpu,gpu,server_sku,cpu_sku,gpu_sku,cpu_cores,model,dataset,device,dtype,quant,quant_detail,mode,replicas_raw,samples,batch_size,resolution,steps,warmup,seed,threads,compile,compile_detail,cpu_offload,batched,loaded_dtype,diffusion_batch_size,sla_seconds,sla_percentile,num_shards,gpu_placement,workload,sla_ms,think_time_s,measure_s,batch_wait_ms,pre_workers,processor,selftest,precisions_swept,devices,tf32,cpu_bind,requests_per_level,warmup_requests,calibrate_generations,drop_after_factor,early_stop,backend,vllm_pipeline,vllm_extra_args,vllm_command,images,compute_s_max,compute_s_sum,images_per_second,images_per_second_per_w,best_batch_size,best_replicas,ms_per_image_per_replica,measured_s,cpu_launch_ms,gpu_ms,bound_by,power_w_mean,power_source,avg_ms_per_image,avg_s_per_image,denoising_steps_per_s,denoise_s_per_image,other_s_per_image,denoise_pct,top1_correct,top1_accuracy,max_qps,max_requests_per_minute,max_images_per_hour,rho_at_capacity,service_capacity_rpm,rho_measured,steady_state_mean_ms,max_concurrent_users,users_think_0s,users_think_1s,users_think_2s,users_think_5s,users_think_10s,users_think_15s,users_think_30s,users_think_60s,max_concurrent_inflight,goodput_rps,sla_attainment_pct,verdict,sweep_note,requests_measured,requests_dropped,p50_ms,p90_ms,p95_ms,p99_ms,max_ms,predicted_mean_ms,mean_batch_size,queue_depth_max,p95_drift,p50_drift,service_capacity_qps,capacity_bound_by,calibrated_mu_rps,calibrated_service_s,service_p95_s,service_cv2,harness_lag_ms,preprocess_ms,queue_wait_ms,inference_ms,ipc_ms,text_encode_ms,denoise_ms,vae_decode_ms,jpeg_encode_ms,server_time_ms,http_overhead_ms,resource_samples,replica_rss_gib_max,gpu_peak_alloc_gib,joules_per_image,cpu_logical_count,cpu_cores_busy_mean,sys_cores_busy_mean,sys_cores_busy_max,cpu_power_w_mean,cpu_cores_busy_max,proc_cpu_pct_mean,sys_cpu_pct_mean,rss_gib_max,threads_max,gpu_util_pct_mean,gpu_mem_util_pct_mean,gpu_mem_used_gib_max,gpu_power_w_mean,gpu_power_w_max,gpu_sm_clock_mhz_mean,gpu_temp_c_max,complete,host_source,shard_images,shard_compute_s,shard_images_per_second,files
vit_throughput,diffusers,20260915_192059,SR630 V4,6740P,L4,ThinkSystem SR630 V4,Intel(R) Xeon(R) 6740P,NVIDIA L4 x2,"96 logical, 96 physical, 2 sockets",facebook/dinov2-giant,ILSVRC/imagenet-1k,cuda,bfloat16,fp8,"w8a8, float8_e4m3 weights per tensor, activations quantised per forward, nn.Linear only, torchao 0.18.0","offline throughput sweep (no SLA, no arrival model)",sweep 1,256 preprocessed once and cycled,"sweep 1,4,8,16,32,64",,,5,,48 per replica,enabled,,,,,,,,1,,,,,120,,,,,"sweep bf16,fp8,int8",cuda:0,,,,,,,,,,,,14308,,,114.331,0.344,4,1,8.747,125.145,2.538,36.227,device (gpu/launch = 14.28),332.4,gpu NVML board + cpu RAPL package,,,,,,,,,,,,,,,,,,,,,,,,,,,,,,,,,,,,,,,,,,,,,,,,,,,,,,,,,,,,,,,96,,0.98,1.06,260.3,,,1.0,,,100.0,,2.06,72.1,73.5,1127,67,yes,logged,14308,,114.331,vit_throughput_facebook_dinov2-giant_bfloat16-fp8_20260915_192059.txt
vit_throughput,diffusers,20260915_192059,SR630 V4,6740P,L4,ThinkSystem SR630 V4,Intel(R) Xeon(R) 6740P,NVIDIA L4 x2,"96 logical, 96 physical, 2 sockets",facebook/dinov2-giant,ILSVRC/imagenet-1k,cuda,bfloat16,int8,"w8a8, int8 weights per output channel, activations quantised per forward, nn.Linear only, torchao 0.18.0","offline throughput sweep (no SLA, no arrival model)",sweep 1,256 preprocessed once and cycled,"sweep 1,4,8,16,32,64",,,5,,48 per replica,enabled,,,,,,,,1,,,,,120,,,,,"sweep bf16,fp8,int8",cuda:0,,,,,,,,,,,,12488,,,99.117,0.298,4,1,10.089,125.993,2.870,41.337,device (gpu/launch = 14.40),332.3,gpu NVML board + cpu RAPL package,,,,,,,,,,,,,,,,,,,,,,,,,,,,,,,,,,,,,,,,,,,,,,,,,,,,,,,,,,,,,,,96,,0.99,1.06,260.3,,,1.0,,,100.0,,2.02,72.0,74.2,1137,65,yes,logged,12488,,99.117,vit_throughput_facebook_dinov2-giant_bfloat16-int8_20260915_192059.txt
vit_throughput,diffusers,20260915_192059,SR630 V4,6740P,L4,ThinkSystem SR630 V4,Intel(R) Xeon(R) 6740P,NVIDIA L4 x2,"96 logical, 96 physical, 2 sockets",facebook/dinov2-giant,ILSVRC/imagenet-1k,cuda,bfloat16,disabled,,"offline throughput sweep (no SLA, no arrival model)",sweep 1,256 preprocessed once and cycled,"sweep 1,4,8,16,32,64",,,5,,48 per replica,enabled,,,,,,,,1,,,,,120,,,,,"sweep bf16,fp8,int8",cuda:0,,,,,,,,,,,,10076,,,79.007,0.238,4,1,12.657,127.533,1.107,51.057,device (gpu/launch = 46.12),332.5,gpu NVML board + cpu RAPL package,,,,,,,,,,,,,,,,,,,,,,,,,,,,,,,,,,,,,,,,,,,,,,,,,,,,,,,,,,,,,,,96,,0.99,3.26,260.5,,,1.0,,,100.0,,3.04,72.0,74.1,1162,68,yes,logged,10076,,79.007,vit_throughput_facebook_dinov2-giant_bfloat16_20260915_192059.txt
vit_throughput,diffusers,20260915_192059,SR630 V4,6740P,L4,ThinkSystem SR630 V4,Intel(R) Xeon(R) 6740P,NVIDIA L4 x2,"96 logical, 96 physical, 2 sockets",google/vit-base-patch16-224,ILSVRC/imagenet-1k,cuda,bfloat16,fp8,"w8a8, float8_e4m3 weights per tensor, activations quantised per forward, nn.Linear only, torchao 0.18.0","offline throughput sweep (no SLA, no arrival model)",sweep 1,256 preprocessed once and cycled,"sweep 1,4,8,16,32,64",,,5,,48 per replica,enabled,,,,,,,,1,,,,,120,,,,,"sweep bf16,fp8,int8",cuda:0,,,,,,,,,,,,168224,,,1381.975,4.161,16,1,0.724,121.727,0.752,11.780,device (gpu/launch = 15.66),332.2,gpu NVML board + cpu RAPL package,,,,,,,,,,,,,,,,,,,,,,,,,,,,,,,,,,,,,,,,,,,,,,,,,,,,,,,,,,,,,,,96,,0.99,1.06,260.2,,,1.0,,,100.0,,1.00,72.0,72.5,1215,68,yes,logged,168224,,1381.975,vit_throughput_google_vit-base-patch16-224_bfloat16-fp8_20260915_192059.txt
vit_throughput,diffusers,20260915_192059,SR630 V4,6740P,L4,ThinkSystem SR630 V4,Intel(R) Xeon(R) 6740P,NVIDIA L4 x2,"96 logical, 96 physical, 2 sockets",google/vit-base-patch16-224,ILSVRC/imagenet-1k,cuda,bfloat16,int8,"w8a8, int8 weights per output channel, activations quantised per forward, nn.Linear only, torchao 0.18.0","offline throughput sweep (no SLA, no arrival model)",sweep 1,256 preprocessed once and cycled,"sweep 1,4,8,16,32,64",,,5,,48 per replica,enabled,,,,,,,,1,,,,,120,,,,,"sweep bf16,fp8,int8",cuda:0,,,,,,,,,,,,131584,,,1086.464,3.268,8,1,0.920,121.112,0.797,7.688,device (gpu/launch = 9.64),332.4,gpu NVML board + cpu RAPL package,,,,,,,,,,,,,,,,,,,,,,,,,,,,,,,,,,,,,,,,,,,,,,,,,,,,,,,,,,,,,,,96,,0.98,1.06,260.4,,,1.0,,,100.0,,1.01,72.0,72.5,1180,67,yes,logged,131584,,1086.464,vit_throughput_google_vit-base-patch16-224_bfloat16-int8_20260915_192059.txt
vit_throughput,diffusers,20260915_192059,SR630 V4,6740P,L4,ThinkSystem SR630 V4,Intel(R) Xeon(R) 6740P,NVIDIA L4 x2,"96 logical, 96 physical, 2 sockets",google/vit-base-patch16-224,ILSVRC/imagenet-1k,cuda,bfloat16,disabled,,"offline throughput sweep (no SLA, no arrival model)",sweep 1,256 preprocessed once and cycled,"sweep 1,4,8,16,32,64",,,5,,48 per replica,enabled,,,,,,,,1,,,,,120,,,,,"sweep bf16,fp8,int8",cuda:0,,,,,,,,,,,,127424,,,1056.509,3.180,16,1,0.947,120.609,0.403,15.250,device (gpu/launch = 37.84),332.3,gpu NVML board + cpu RAPL package,,,,,,,,,,,,,,,,,,,,,,,,,,,,,,,,,,,,,,,,,,,,,,,,,,,,,,,,,,,,,,,96,,0.99,1.15,260.2,,,1.0,,,100.0,,1.01,72.1,72.7,1112,68,yes,logged,127424,,1056.509,vit_throughput_google_vit-base-patch16-224_bfloat16_20260915_192059.txt
vit_throughput,diffusers,20260915_192059,SR630 V4,6740P,L4,ThinkSystem SR630 V4,Intel(R) Xeon(R) 6740P,NVIDIA L4 x2,"96 logical, 96 physical, 2 sockets",google/vit-large-patch16-224,ILSVRC/imagenet-1k,cuda,bfloat16,fp8,"w8a8, float8_e4m3 weights per tensor, activations quantised per forward, nn.Linear only, torchao 0.18.0","offline throughput sweep (no SLA, no arrival model)",sweep 1,256 preprocessed once and cycled,"sweep 1,4,8,16,32,64",,,5,,48 per replica,enabled,,,,,,,,1,,,,,120,,,,,"sweep bf16,fp8,int8",cuda:0,,,,,,,,,,,,59600,,,486.780,0.197,8,1,2.054,122.437,1.549,17.096,device (gpu/launch = 11.03),2473.2,gpu NVML board + cpu RAPL package,,,,,,,,,,,,,,,,,,,,,,,,,,,,,,,,,,,,,,,,,,,,,,,,,,,,,,,,,,,,,,,96,,0.99,1.06,2401.2,,,1.0,,,100.0,,1.31,72.0,72.3,1241,68,yes,logged,59600,,486.780,vit_throughput_google_vit-large-patch16-224_bfloat16-fp8_20260915_192059.txt
vit_throughput,diffusers,20260915_192059,SR630 V4,6740P,L4,ThinkSystem SR630 V4,Intel(R) Xeon(R) 6740P,NVIDIA L4 x2,"96 logical, 96 physical, 2 sockets",google/vit-large-patch16-224,ILSVRC/imagenet-1k,cuda,bfloat16,int8,"w8a8, int8 weights per output channel, activations quantised per forward, nn.Linear only, torchao 0.18.0","offline throughput sweep (no SLA, no arrival model)",sweep 1,256 preprocessed once and cycled,"sweep 1,4,8,16,32,64",,,5,,48 per replica,enabled,,,,,,,,1,,,,,120,,,,,"sweep bf16,fp8,int8",cuda:0,,,,,,,,,,,,48200,,,391.669,1.175,8,1,2.553,123.063,1.608,19.990,device (gpu/launch = 12.43),333.2,gpu NVML board + cpu RAPL package,,,,,,,,,,,,,,,,,,,,,,,,,,,,,,,,,,,,,,,,,,,,,,,,,,,,,,,,,,,,,,,96,,0.98,1.15,260.8,,,1.0,,,100.0,,1.34,72.4,74.6,1123,67,yes,logged,48200,,391.669,vit_throughput_google_vit-large-patch16-224_bfloat16-int8_20260915_192059.txt
vit_throughput,diffusers,20260915_192059,SR630 V4,6740P,L4,ThinkSystem SR630 V4,Intel(R) Xeon(R) 6740P,NVIDIA L4 x2,"96 logical, 96 physical, 2 sockets",google/vit-large-patch16-224,ILSVRC/imagenet-1k,cuda,bfloat16,disabled,,"offline throughput sweep (no SLA, no arrival model)",sweep 1,256 preprocessed once and cycled,"sweep 1,4,8,16,32,64",,,5,,48 per replica,enabled,,,,,,,,1,,,,,120,,,,,"sweep bf16,fp8,int8",cuda:0,,,,,,,,,,,,42888,,,352.403,1.060,4,1,2.838,121.702,0.750,11.676,device (gpu/launch = 15.57),332.4,gpu NVML board + cpu RAPL package,,,,,,,,,,,,,,,,,,,,,,,,,,,,,,,,,,,,,,,,,,,,,,,,,,,,,,,,,,,,,,,96,,0.99,1.06,260.2,,,1.0,,,100.0,,1.35,72.2,72.5,1225,68,yes,logged,42888,,352.403,vit_throughput_google_vit-large-patch16-224_bfloat16_20260915_192059.txt
vit_throughput,diffusers,20260915_215915,SR630 V4,6740P,L4,ThinkSystem SR630 V4,Intel(R) Xeon(R) 6740P,NVIDIA L4 x2,"96 logical, 96 physical, 2 sockets",facebook/dinov2-giant,ILSVRC/imagenet-1k,cpu,bfloat16,int8,"w8a8, int8 weights per output channel, activations quantised per forward, nn.Linear only, torchao 0.18.0","offline throughput sweep (no SLA, no arrival model)","sweep 1,2",256 preprocessed once and cycled,"sweep 1,4,8,16,32",,,5,,24 per replica,enabled,,,,,,,,1,,,,,120,,,,,"sweep bf16,fp32,int8",cpu,,,,,,,,,,,,5280,,,43.799,0.113,16,2,45.663,120.550,727.790,,,386.2,cpu RAPL package,,,,,,,,,,,,,,,,,,,,,,,,,,,,,,,,,,,,,,,,,,,,,,,,,,,,,,,,,,,,,,,96,,47.85,48.10,386.2,,,49.8,,,,,,,,,,yes,logged,5280,,43.799,vit_throughput_facebook_dinov2-giant_bfloat16-int8_20260915_215915.txt
vit_throughput,diffusers,20260915_215915,SR630 V4,6740P,L4,ThinkSystem SR630 V4,Intel(R) Xeon(R) 6740P,NVIDIA L4 x2,"96 logical, 96 physical, 2 sockets",facebook/dinov2-giant,ILSVRC/imagenet-1k,cpu,bfloat16,disabled,,"offline throughput sweep (no SLA, no arrival model)","sweep 1,2",256 preprocessed once and cycled,"sweep 1,4,8,16,32",,,5,,24 per replica,enabled,,,,,,,,1,,,,,120,,,,,"sweep bf16,fp32,int8",cpu,,,,,,,,,,,,4496,,,37.145,0.097,16,2,53.843,121.040,913.772,,,384.1,cpu RAPL package,,,,,,,,,,,,,,,,,,,,,,,,,,,,,,,,,,,,,,,,,,,,,,,,,,,,,,,,,,,,,,,96,,47.08,48.10,384.1,,,49.0,,,,,,,,,,yes,logged,4496,,37.145,vit_throughput_facebook_dinov2-giant_bfloat16_20260915_215915.txt
vit_throughput,diffusers,20260915_215915,SR630 V4,6740P,L4,ThinkSystem SR630 V4,Intel(R) Xeon(R) 6740P,NVIDIA L4 x2,"96 logical, 96 physical, 2 sockets",facebook/dinov2-giant,ILSVRC/imagenet-1k,cpu,float32,disabled,,"offline throughput sweep (no SLA, no arrival model)","sweep 1,2",256 preprocessed once and cycled,"sweep 1,4,8,16,32",,,5,,24 per replica,enabled,,,,,,,,1,,,,,120,,,,,"sweep bf16,fp32,int8",cpu,,,,,,,,,,,,992,,,8.157,0.021,8,2,245.197,121.618,1960.382,,,386.3,cpu RAPL package,,,,,,,,,,,,,,,,,,,,,,,,,,,,,,,,,,,,,,,,,,,,,,,,,,,,,,,,,,,,,,,96,,47.79,48.10,386.3,,,49.8,,,,,,,,,,yes,logged,992,,8.157,vit_throughput_facebook_dinov2-giant_float32_20260915_215915.txt
vit_throughput,diffusers,20260915_215915,SR630 V4,6740P,L4,ThinkSystem SR630 V4,Intel(R) Xeon(R) 6740P,NVIDIA L4 x2,"96 logical, 96 physical, 2 sockets",google/vit-base-patch16-224,ILSVRC/imagenet-1k,cpu,bfloat16,int8,"w8a8, int8 weights per output channel, activations quantised per forward, nn.Linear only, torchao 0.18.0","offline throughput sweep (no SLA, no arrival model)","sweep 1,2",256 preprocessed once and cycled,"sweep 1,4,8,16,32",,,5,,24 per replica,enabled,,,,,,,,1,,,,,120,,,,,"sweep bf16,fp32,int8",cpu,,,,,,,,,,,,43872,,,365.504,0.946,8,2,5.472,120.031,43.946,,,386.3,cpu RAPL package,,,,,,,,,,,,,,,,,,,,,,,,,,,,,,,,,,,,,,,,,,,,,,,,,,,,,,,,,,,,,,,96,,47.49,47.62,386.3,,,49.5,,,,,,,,,,yes,logged,43872,,365.504,vit_throughput_google_vit-base-patch16-224_bfloat16-int8_20260915_215915.txt
vit_throughput,diffusers,20260915_215915,SR630 V4,6740P,L4,ThinkSystem SR630 V4,Intel(R) Xeon(R) 6740P,NVIDIA L4 x2,"96 logical, 96 physical, 2 sockets",google/vit-base-patch16-224,ILSVRC/imagenet-1k,cpu,bfloat16,disabled,,"offline throughput sweep (no SLA, no arrival model)","sweep 1,2",256 preprocessed once and cycled,"sweep 1,4,8,16,32",,,5,,24 per replica,enabled,,,,,,,,1,,,,,120,,,,,"sweep bf16,fp32,int8",cpu,,,,,,,,,,,,51264,,,426.969,1.105,16,2,4.684,120.065,75.086,,,386.2,cpu RAPL package,,,,,,,,,,,,,,,,,,,,,,,,,,,,,,,,,,,,,,,,,,,,,,,,,,,,,,,,,,,,,,,96,,47.77,47.90,386.2,,,49.8,,,,,,,,,,yes,logged,51264,,426.969,vit_throughput_google_vit-base-patch16-224_bfloat16_20260915_215915.txt
vit_throughput,diffusers,20260915_215915,SR630 V4,6740P,L4,ThinkSystem SR630 V4,Intel(R) Xeon(R) 6740P,NVIDIA L4 x2,"96 logical, 96 physical, 2 sockets",google/vit-base-patch16-224,ILSVRC/imagenet-1k,cpu,float32,disabled,,"offline throughput sweep (no SLA, no arrival model)","sweep 1,2",256 preprocessed once and cycled,"sweep 1,4,8,16,32",,,5,,24 per replica,enabled,,,,,,,,1,,,,,120,,,,,"sweep bf16,fp32,int8",cpu,,,,,,,,,,,,16160,,,134.436,0.348,32,2,14.877,120.206,479.080,,,386.3,cpu RAPL package,,,,,,,,,,,,,,,,,,,,,,,,,,,,,,,,,,,,,,,,,,,,,,,,,,,,,,,,,,,,,,,96,,47.10,48.00,386.3,,,49.1,,,,,,,,,,yes,logged,16160,,134.436,vit_throughput_google_vit-base-patch16-224_float32_20260915_215915.txt
vit_throughput,diffusers,20260915_215915,SR630 V4,6740P,L4,ThinkSystem SR630 V4,Intel(R) Xeon(R) 6740P,NVIDIA L4 x2,"96 logical, 96 physical, 2 sockets",google/vit-large-patch16-224,ILSVRC/imagenet-1k,cpu,bfloat16,int8,"w8a8, int8 weights per output channel, activations quantised per forward, nn.Linear only, torchao 0.18.0","offline throughput sweep (no SLA, no arrival model)","sweep 1,2",256 preprocessed once and cycled,"sweep 1,4,8,16,32",,,5,,24 per replica,enabled,,,,,,,,1,,,,,120,,,,,"sweep bf16,fp32,int8",cpu,,,,,,,,,,,,20112,,,167.415,0.433,16,2,11.946,120.133,190.932,,,386.2,cpu RAPL package,,,,,,,,,,,,,,,,,,,,,,,,,,,,,,,,,,,,,,,,,,,,,,,,,,,,,,,,,,,,,,,96,,47.75,48.10,386.2,,,49.7,,,,,,,,,,yes,logged,20112,,167.415,vit_throughput_google_vit-large-patch16-224_bfloat16-int8_20260915_215915.txt
vit_throughput,diffusers,20260915_215915,SR630 V4,6740P,L4,ThinkSystem SR630 V4,Intel(R) Xeon(R) 6740P,NVIDIA L4 x2,"96 logical, 96 physical, 2 sockets",google/vit-large-patch16-224,ILSVRC/imagenet-1k,cpu,bfloat16,disabled,,"offline throughput sweep (no SLA, no arrival model)","sweep 1,2",256 preprocessed once and cycled,"sweep 1,4,8,16,32",,,5,,24 per replica,enabled,,,,,,,,1,,,,,120,,,,,"sweep bf16,fp32,int8",cpu,,,,,,,,,,,,15072,,,125.399,0.325,16,2,15.949,120.192,243.602,,,385.5,cpu RAPL package,,,,,,,,,,,,,,,,,,,,,,,,,,,,,,,,,,,,,,,,,,,,,,,,,,,,,,,,,,,,,,,96,,47.63,48.00,385.5,,,49.6,,,,,,,,,,yes,logged,15072,,125.399,vit_throughput_google_vit-large-patch16-224_bfloat16_20260915_215915.txt
vit_throughput,diffusers,20260915_215915,SR630 V4,6740P,L4,ThinkSystem SR630 V4,Intel(R) Xeon(R) 6740P,NVIDIA L4 x2,"96 logical, 96 physical, 2 sockets",google/vit-large-patch16-224,ILSVRC/imagenet-1k,cpu,float32,disabled,,"offline throughput sweep (no SLA, no arrival model)","sweep 1,2",256 preprocessed once and cycled,"sweep 1,4,8,16,32",,,5,,24 per replica,enabled,,,,,,,,1,,,,,120,,,,,"sweep bf16,fp32,int8",cpu,,,,,,,,,,,,5056,,,41.692,0.108,32,2,47.971,121.271,1535.173,,,386.2,cpu RAPL package,,,,,,,,,,,,,,,,,,,,,,,,,,,,,,,,,,,,,,,,,,,,,,,,,,,,,,,,,,,,,,,96,,46.82,48.00,386.2,,,48.8,,,,,,,,,,yes,logged,5056,,41.692,vit_throughput_google_vit-large-patch16-224_float32_20260915_215915.txt
vit_throughput,diffusers,20260916_024131,SR630 V4,6740P,L4,ThinkSystem SR630 V4,Intel(R) Xeon(R) 6740P,NVIDIA L4 x2,"96 logical, 96 physical, 2 sockets",google/vit-base-patch16-224,ILSVRC/imagenet-1k,cuda,bfloat16,disabled,,"offline throughput sweep (no SLA, no arrival model)",sweep 1,64 preprocessed once and cycled,sweep 32,,,2,,8 per replica,disabled,,,,,,,,1,,,,,4,,,,,sweep bf16,cuda:0,,,,,,,,,,,,4288,,,1016.467,3.062,32,1,0.984,4.219,2.193,31.155,device (gpu/launch = 14.21),332.0,gpu NVML board + cpu RAPL package,,,,,,,,,,,,,,,,,,,,,,,,,,,,,,,,,,,,,,,,,,,,,,,,,,,,,,,,,,,,,,,96,,1.00,1.06,260.1,,,1.0,,,99.9,,1.06,71.9,72.8,1145,48,yes,logged,4288,,1016.467,vit_throughput_google_vit-base-patch16-224_bfloat16_20260916_024131.txt
dit_throughput,diffusers,20260916_024345,SR630 V4,6740P,L4,ThinkSystem SR630 V4,Intel(R) Xeon(R) 6740P,NVIDIA L4 x2,"96 logical, 96 physical, 2 sockets",Efficient-Large-Model/Sana_600M_1024px_diffusers,,cuda,bfloat16,disabled,,"offline throughput sweep (no SLA, no arrival model)",sweep 1,8,"sweep 1,2",512x512,4,3,42,16 per replica,disabled,,auto,,,,,,1,,,,,15,,,,,sweep bf16,cuda:0,disabled (matmul_precision=highest),,,,,,,diffusers,,,,17,,,1.076428,0.003251,1,1,,15.793,,,,331.1,gpu NVML board + cpu RAPL package,,0.9290,4.306,0.2925,0.6365,31.5,,,,,,,,,,,,,,,,,,,,,,,,,,,,,,,,,,,,,,,,,,,,,,,,,,,,,,,,,96,,1.14,1.54,260.4,,,1.2,,,96.1,,10.34,70.7,77.1,1338,52,yes,logged,17,,1.076428,dit_throughput_Efficient-Large-Model_Sana_600M_1024px_diffusers_bfloat16_20260916_024345.txt
dit_throughput,diffusers,20260916_024533,SR630 V4,6740P,L4,ThinkSystem SR630 V4,Intel(R) Xeon(R) 6740P,NVIDIA L4 x2,"96 logical, 96 physical, 2 sockets",Efficient-Large-Model/Sana_600M_1024px_diffusers,,cuda,bfloat16,fp8,"w8a8, float8_e4m3 weights per tensor, activations quantised per forward, nn.Linear only, torchao 0.18.0","offline throughput sweep (no SLA, no arrival model)",sweep 1,8,sweep 1,1024x1024,20,1,42,16 per replica,disabled,,,,,,,,1,,,,,30,,,,,"sweep bf16,fp8",cuda:0,disabled (matmul_precision=highest),,,,,,,diffusers,,,,12,,,0.371760,0.001120,1,1,,32.279,,,,331.9,gpu NVML board + cpu RAPL package,,2.6899,7.435,2.0874,0.6025,77.6,,,,,,,,,,,,,,,,,,,,,,,,,,,,,,,,,,,,,,,,,,,,,,,,,,,,,,,,,96,,1.05,1.63,260.4,,,1.1,,,98.6,,9.94,71.5,75.8,1290,61,yes,logged,12,,0.371760,dit_throughput_Efficient-Large-Model_Sana_600M_1024px_diffusers_bfloat16-fp8_20260916_024533.txt
dit_throughput,diffusers,20260916_024533,SR630 V4,6740P,L4,ThinkSystem SR630 V4,Intel(R) Xeon(R) 6740P,NVIDIA L4 x2,"96 logical, 96 physical, 2 sockets",Efficient-Large-Model/Sana_600M_1024px_diffusers,,cuda,bfloat16,disabled,,"offline throughput sweep (no SLA, no arrival model)",sweep 1,8,sweep 1,1024x1024,20,1,42,16 per replica,disabled,,,,,,,,1,,,,,30,,,,,"sweep bf16,fp8",cuda:0,disabled (matmul_precision=highest),,,,,,,diffusers,,,,13,,,0.410212,0.001237,1,1,,31.691,,,,331.6,gpu NVML board + cpu RAPL package,,2.4378,8.204,1.8064,0.6314,74.1,,,,,,,,,,,,,,,,,,,,,,,,,,,,,,,,,,,,,,,,,,,,,,,,,,,,,,,,,96,,1.05,1.63,260.3,,,1.1,,,98.2,,10.34,71.3,76.2,1287,58,yes,logged,13,,0.410212,dit_throughput_Efficient-Large-Model_Sana_600M_1024px_diffusers_bfloat16_20260916_024533.txt
dit_throughput,diffusers,20260916_031017,SR630 V4,6740P,L4,ThinkSystem SR630 V4,Intel(R) Xeon(R) 6740P,NVIDIA L4 x2,"96 logical, 96 physical, 2 sockets",Efficient-Large-Model/Sana_1600M_1024px_diffusers,,cuda,bfloat16,fp8,"w8a8, float8_e4m3 weights per tensor, activations quantised per forward, nn.Linear only, torchao 0.18.0","offline throughput sweep (no SLA, no arrival model)",sweep 1,100,"sweep 1,2",1024x1024,20,1,42,48 per replica,enabled,,,,,,,,1,,,,,120,,,,,"sweep bf16,fp8",cuda:0,disabled (matmul_precision=highest),,,,,,,diffusers,,,,38,,,0.301759,0.000908,2,1,,125.928,,,,332.2,gpu NVML board + cpu RAPL package,,3.3139,6.035,0.0213,3.2926,0.6,,,,,,,,,,,,,,,,,,,,,,,,,,,,,,,,,,,,,,,,,,,,,,,,,,,,,,,,,96,,1.04,2.88,260.4,,,1.1,,,99.5,,14.70,71.8,77.7,1137,66,yes,logged,38,,0.301759,dit_throughput_Efficient-Large-Model_Sana_1600M_1024px_diffusers_bfloat16-fp8_20260916_031017.txt
dit_throughput,diffusers,20260916_031017,SR630 V4,6740P,L4,ThinkSystem SR630 V4,Intel(R) Xeon(R) 6740P,NVIDIA L4 x2,"96 logical, 96 physical, 2 sockets",Efficient-Large-Model/Sana_1600M_1024px_diffusers,,cuda,bfloat16,disabled,,"offline throughput sweep (no SLA, no arrival model)",sweep 1,100,"sweep 1,2",1024x1024,20,1,42,48 per replica,enabled,,,,,,,,1,,,,,120,,,,,"sweep bf16,fp8",cuda:0,disabled (matmul_precision=highest),,,,,,,diffusers,,,,34,,,0.273544,0.000823,2,1,,124.294,,,,332.4,gpu NVML board + cpu RAPL package,,3.6557,5.471,0.0112,3.6445,0.3,,,,,,,,,,,,,,,,,,,,,,,,,,,,,,,,,,,,,,,,,,,,,,,,,,,,,,,,,96,,1.04,3.94,260.5,,,1.1,,,99.5,,15.58,71.9,75.3,1156,67,yes,logged,34,,0.273544,dit_throughput_Efficient-Large-Model_Sana_1600M_1024px_diffusers_bfloat16_20260916_031017.txt
dit_throughput,diffusers,20260916_031017,SR630 V4,6740P,L4,ThinkSystem SR630 V4,Intel(R) Xeon(R) 6740P,NVIDIA L4 x2,"96 logical, 96 physical, 2 sockets",Efficient-Large-Model/Sana_600M_1024px_diffusers,,cuda,bfloat16,fp8,"w8a8, float8_e4m3 weights per tensor, activations quantised per forward, nn.Linear only, torchao 0.18.0","offline throughput sweep (no SLA, no arrival model)",sweep 1,100,"sweep 1,2",1024x1024,20,1,42,48 per replica,enabled,,,,,,,,1,,,,,120,,,,,"sweep bf16,fp8",cuda:0,disabled (matmul_precision=highest),,,,,,,diffusers,,,,66,,,0.542097,0.001632,1,1,,121.749,,,,332.2,gpu NVML board + cpu RAPL package,,1.8447,10.842,0.0464,1.7983,2.5,,,,,,,,,,,,,,,,,,,,,,,,,,,,,,,,,,,,,,,,,,,,,,,,,,,,,,,,,96,,1.19,2.78,260.5,,,1.2,,,98.7,,10.13,71.7,75.9,1301,66,yes,logged,66,,0.542097,dit_throughput_Efficient-Large-Model_Sana_600M_1024px_diffusers_bfloat16-fp8_20260916_031017.txt
dit_throughput,diffusers,20260916_031017,SR630 V4,6740P,L4,ThinkSystem SR630 V4,Intel(R) Xeon(R) 6740P,NVIDIA L4 x2,"96 logical, 96 physical, 2 sockets",Efficient-Large-Model/Sana_600M_1024px_diffusers,,cuda,bfloat16,disabled,,"offline throughput sweep (no SLA, no arrival model)",sweep 1,100,"sweep 1,2",1024x1024,20,1,42,48 per replica,enabled,,,,,,,,1,,,,,120,,,,,"sweep bf16,fp8",cuda:0,disabled (matmul_precision=highest),,,,,,,diffusers,,,,59,,,0.489329,0.001473,1,1,,120.573,,,,332.3,gpu NVML board + cpu RAPL package,,2.0436,9.787,1.2610,0.7826,61.7,,,,,,,,,,,,,,,,,,,,,,,,,,,,,,,,,,,,,,,,,,,,,,,,,,,,,,,,,96,,1.18,2.78,260.4,,,1.2,,,99.0,,10.53,71.8,76.3,1250,66,yes,logged,59,,0.489329,dit_throughput_Efficient-Large-Model_Sana_600M_1024px_diffusers_bfloat16_20260916_031017.txt
dit_throughput,diffusers,20260916_031017,SR630 V4,6740P,L4,ThinkSystem SR630 V4,Intel(R) Xeon(R) 6740P,NVIDIA L4 x2,"96 logical, 96 physical, 2 sockets",PixArt-alpha/PixArt-Sigma-XL-2-1024-MS,,cuda,bfloat16,fp8,"w8a8, float8_e4m3 weights per tensor, activations quantised per forward, nn.Linear only, torchao 0.18.0","offline throughput sweep (no SLA, no arrival model)",sweep 1,100,"sweep 1,2",1024x1024,20,1,42,48 per replica,enabled,,,,,,,,1,,,,,120,,,,,"sweep bf16,fp8",cuda:0,disabled (matmul_precision=highest),,,,,,,diffusers,,,,20,,,0.160324,0.000481,1,1,,124.748,,,,333.1,gpu NVML board + cpu RAPL package,,6.2374,3.206,,,,,,,,,,,,,,,,,,,,,,,,,,,,,,,,,,,,,,,,,,,,,,,,,,,,,,,,,,,,96,,1.04,2.69,260.2,,,1.1,,,99.7,,14.93,72.9,74.9,1161,67,yes,logged,20,,0.160324,dit_throughput_PixArt-alpha_PixArt-Sigma-XL-2-1024-MS_bfloat16-fp8_20260916_031017.txt
dit_throughput,diffusers,20260916_031017,SR630 V4,6740P,L4,ThinkSystem SR630 V4,Intel(R) Xeon(R) 6740P,NVIDIA L4 x2,"96 logical, 96 physical, 2 sockets",PixArt-alpha/PixArt-Sigma-XL-2-1024-MS,,cuda,bfloat16,disabled,,"offline throughput sweep (no SLA, no arrival model)",sweep 1,100,"sweep 1,2",1024x1024,20,1,42,48 per replica,enabled,,,,,,,,1,,,,,120,,,,,"sweep bf16,fp8",cuda:0,disabled (matmul_precision=highest),,,,,,,diffusers,,,,17,,,0.134995,0.000407,1,1,,125.931,,,,332.1,gpu NVML board + cpu RAPL package,,7.4077,2.700,,,,,,,,,,,,,,,,,,,,,,,,,,,,,,,,,,,,,,,,,,,,,,,,,,,,,,,,,,,,96,,1.04,3.36,260.2,,,1.1,,,99.7,,15.73,71.9,74.9,1128,67,yes,logged,17,,0.134995,dit_throughput_PixArt-alpha_PixArt-Sigma-XL-2-1024-MS_bfloat16_20260916_031017.txt
dit_throughput,diffusers,20260916_031017,SR630 V4,6740P,L4,ThinkSystem SR630 V4,Intel(R) Xeon(R) 6740P,NVIDIA L4 x2,"96 logical, 96 physical, 2 sockets",stabilityai/stable-diffusion-3.5-medium,,cuda,bfloat16,fp8,"w8a8, float8_e4m3 weights per tensor, activations quantised per forward, nn.Linear only, torchao 0.18.0","offline throughput sweep (no SLA, no arrival model)",sweep 1,100,"sweep 1,2",1024x1024,20,1,42,48 per replica,enabled,,,,,,,,1,,,,,120,,,,,"sweep bf16,fp8",cuda:0,disabled (matmul_precision=highest),,,,,,,diffusers,,,,15,,,0.122792,0.000370,1,1,,122.158,,,,331.9,gpu NVML board + cpu RAPL package,,8.1438,2.456,0.0662,8.0776,0.8,,,,,,,,,,,,,,,,,,,,,,,,,,,,,,,,,,,,,,,,,,,,,,,,,,,,,,,,,96,,1.00,1.92,260.1,,,1.0,,,99.7,,18.74,71.8,75.4,1140,66,yes,logged,15,,0.122792,dit_throughput_stabilityai_stable-diffusion-3.5-medium_bfloat16-fp8_20260916_031017.txt
dit_throughput,diffusers,20260916_031017,SR630 V4,6740P,L4,ThinkSystem SR630 V4,Intel(R) Xeon(R) 6740P,NVIDIA L4 x2,"96 logical, 96 physical, 2 sockets",stabilityai/stable-diffusion-3.5-medium,,cuda,bfloat16,disabled,,"offline throughput sweep (no SLA, no arrival model)",sweep 1,100,"sweep 1,2",1024x1024,20,1,42,48 per replica,enabled,,,,,,,,1,,,,,120,,,,,"sweep bf16,fp8",cuda:0,disabled (matmul_precision=highest),,,,,,,diffusers,,,,12,,,0.096086,0.000290,2,1,,124.888,,,,331.8,gpu NVML board + cpu RAPL package,,10.4074,1.922,7.6004,2.8070,73.0,,,,,,,,,,,,,,,,,,,,,,,,,,,,,,,,,,,,,,,,,,,,,,,,,,,,,,,,,96,,1.01,5.09,260.0,,,1.1,,,99.9,,22.39,71.8,75.3,1125,67,yes,logged,12,,0.096086,dit_throughput_stabilityai_stable-diffusion-3.5-medium_bfloat16_20260916_031017.txt
dit_throughput,diffusers,20260916_044658,SR630 V4,6740P,L4,ThinkSystem SR630 V4,Intel(R) Xeon(R) 6740P,NVIDIA L4 x2,"96 logical, 96 physical, 2 sockets",Efficient-Large-Model/Sana_1600M_1024px_diffusers,,cpu,bfloat16,disabled,,"offline throughput sweep (no SLA, no arrival model)","sweep 1,2",30,sweep 1,1024x1024,20,1,42,48 per replica,enabled,,,,,,,,1,,,,,120,,,,,"sweep bf16,fp8",cpu,disabled (matmul_precision=highest),,,,,,,diffusers,,,,10,,,0.069701,0.000031,1,2,,143.470,,,,2223.9,cpu RAPL package,,28.6939,1.394,47.6473,-18.9533,166.1,,,,,,,,,,,,,,,,,,,,,,,,,,,,,,,,,,,,,,,,,,,,,,,,,,,,,,,,,96,,92.65,96.00,2223.9,,,96.5,,,,,,,,,,yes,logged,10,,0.069701,dit_throughput_Efficient-Large-Model_Sana_1600M_1024px_diffusers_bfloat16_20260916_044658.txt
dit_throughput,diffusers,20260916_044658,SR630 V4,6740P,L4,ThinkSystem SR630 V4,Intel(R) Xeon(R) 6740P,NVIDIA L4 x2,"96 logical, 96 physical, 2 sockets",Efficient-Large-Model/Sana_600M_1024px_diffusers,,cpu,bfloat16,disabled,,"offline throughput sweep (no SLA, no arrival model)","sweep 1,2",30,sweep 1,1024x1024,20,1,42,48 per replica,enabled,,,,,,,,1,,,,,120,,,,,"sweep bf16,fp8",cpu,disabled (matmul_precision=highest),,,,,,,diffusers,,,,29,,,0.229519,0.000525,1,2,,126.351,,,,437.2,cpu RAPL package,,8.7139,4.590,7.5817,1.1322,87.0,,,,,,,,,,,,,,,,,,,,,,,,,,,,,,,,,,,,,,,,,,,,,,,,,,,,,,,,,96,,84.87,96.00,437.2,,,88.4,,,,,,,,,,yes,logged,29,,0.229519,dit_throughput_Efficient-Large-Model_Sana_600M_1024px_diffusers_bfloat16_20260916_044658.txt
dit_throughput,diffusers,20260916_044658,SR630 V4,6740P,L4,ThinkSystem SR630 V4,Intel(R) Xeon(R) 6740P,NVIDIA L4 x2,"96 logical, 96 physical, 2 sockets",PixArt-alpha/PixArt-Sigma-XL-2-1024-MS,,cpu,bfloat16,disabled,,"offline throughput sweep (no SLA, no arrival model)","sweep 1,2",30,sweep 1,1024x1024,20,1,42,48 per replica,enabled,,,,,,,,1,,,,,120,,,,,"sweep bf16,fp8",cpu,disabled (matmul_precision=highest),,,,,,,diffusers,,,,10,,,0.068100,0.000145,1,2,,146.842,,,,469.3,cpu RAPL package,,29.3684,1.362,,,,,,,,,,,,,,,,,,,,,,,,,,,,,,,,,,,,,,,,,,,,,,,,,,,,,,,,,,,,96,,88.82,95.81,469.3,,,92.5,,,,,,,,,,yes,logged,10,,0.068100,dit_throughput_PixArt-alpha_PixArt-Sigma-XL-2-1024-MS_bfloat16_20260916_044658.txt
dit_throughput,diffusers,20260916_044658,SR630 V4,6740P,L4,ThinkSystem SR630 V4,Intel(R) Xeon(R) 6740P,NVIDIA L4 x2,"96 logical, 96 physical, 2 sockets",stabilityai/stable-diffusion-3.5-large,,cpu,bfloat16,disabled,,"offline throughput sweep (no SLA, no arrival model)","sweep 1,2",30,sweep 1,1024x1024,20,1,42,48 per replica,enabled,,,,,,,,1,,,,,120,,,,,"sweep bf16,fp8",cpu,disabled (matmul_precision=highest),,,,,,,diffusers,,,,2,,,0.010368,0.000006,1,2,,192.897,,,,1783.8,cpu RAPL package,,192.8969,0.207,373.2412,-180.3443,193.5,,,,,,,,,,,,,,,,,,,,,,,,,,,,,,,,,,,,,,,,,,,,,,,,,,,,,,,,,96,,79.54,90.82,1783.8,,,82.9,,,,,,,,,,yes,logged,2,,0.010368,dit_throughput_stabilityai_stable-diffusion-3.5-large_bfloat16_20260916_044658.txt
dit_throughput,diffusers,20260916_044658,SR630 V4,6740P,L4,ThinkSystem SR630 V4,Intel(R) Xeon(R) 6740P,NVIDIA L4 x2,"96 logical, 96 physical, 2 sockets",stabilityai/stable-diffusion-3.5-medium,,cpu,bfloat16,disabled,,"offline throughput sweep (no SLA, no arrival model)","sweep 1,2",30,sweep 1,1024x1024,20,1,42,48 per replica,enabled,,,,,,,,1,,,,,120,,,,,"sweep bf16,fp8",cpu,disabled (matmul_precision=highest),,,,,,,diffusers,,,,4,,,0.031046,0.000069,1,2,,128.841,,,,448.6,cpu RAPL package,,64.4203,0.621,115.4821,-51.0618,179.3,,,,,,,,,,,,,,,,,,,,,,,,,,,,,,,,,,,,,,,,,,,,,,,,,,,,,,,,,96,,89.07,95.04,448.6,,,92.8,,,,,,,,,,yes,logged,4,,0.031046,dit_throughput_stabilityai_stable-diffusion-3.5-medium_bfloat16_20260916_044658.txt
dit_throughput,diffusers,20260928_145731,SR630 V4,6740P,L4,ThinkSystem SR630 V4,Intel(R) Xeon(R) 6740P,NVIDIA L4 x2,"96 logical, 96 physical, 2 sockets",Efficient-Large-Model/Sana_1600M_1024px_diffusers,,cpu,bfloat16,disabled,,"offline throughput sweep (no SLA, no arrival model)","sweep 2,4",30,"sweep 1,2",1024x1024,20,1,42,24 per replica,enabled,,,,,,,,1,,,,,120,,,,,sweep bf16,cpu,disabled (matmul_precision=highest),,,,,,,diffusers,,,,28,,,0.209538,0.000419,1,4,,133.627,,,,500.3,cpu RAPL package,,19.0896,4.191,53.9950,-34.9054,282.8,,,,,,,,,,,,,,,,,,,,,,,,,,,,,,,,,,,,,,,,,,,,,,,,,,,,,,,,,96,,87.78,96.00,500.3,,,91.4,,,,,,,,,,yes,logged,28,,0.209538,dit_throughput_Efficient-Large-Model_Sana_1600M_1024px_diffusers_bfloat16_20260928_145731.txt
dit_throughput,diffusers,20260928_145731,SR630 V4,6740P,L4,ThinkSystem SR630 V4,Intel(R) Xeon(R) 6740P,NVIDIA L4 x2,"96 logical, 96 physical, 2 sockets",Efficient-Large-Model/Sana_600M_1024px_diffusers,,cpu,bfloat16,disabled,,"offline throughput sweep (no SLA, no arrival model)","sweep 2,4",30,"sweep 1,2",1024x1024,20,1,42,24 per replica,enabled,,,,,,,,1,,,,,120,,,,,sweep bf16,cpu,disabled (matmul_precision=highest),,,,,,,diffusers,,,,48,,,0.377669,0.000787,1,4,,127.095,,,,479.7,cpu RAPL package,,10.5913,7.553,21.4372,-10.8459,202.4,,,,,,,,,,,,,,,,,,,,,,,,,,,,,,,,,,,,,,,,,,,,,,,,,,,,,,,,,96,,83.08,96.00,479.7,,,86.5,,,,,,,,,,yes,logged,48,,0.377669,dit_throughput_Efficient-Large-Model_Sana_600M_1024px_diffusers_bfloat16_20260928_145731.txt
dit_throughput,diffusers,20260928_145731,SR630 V4,6740P,L4,ThinkSystem SR630 V4,Intel(R) Xeon(R) 6740P,NVIDIA L4 x2,"96 logical, 96 physical, 2 sockets",PixArt-alpha/PixArt-Sigma-XL-2-1024-MS,,cpu,bfloat16,disabled,,"offline throughput sweep (no SLA, no arrival model)","sweep 2,4",30,"sweep 1,2",1024x1024,20,1,42,24 per replica,enabled,,,,,,,,1,,,,,120,,,,,sweep bf16,cpu,disabled (matmul_precision=highest),,,,,,,diffusers,,,,16,,,0.101209,0.000196,1,4,,158.089,,,,516.3,cpu RAPL package,,39.5223,2.024,,,,,,,,,,,,,,,,,,,,,,,,,,,,,,,,,,,,,,,,,,,,,,,,,,,,,,,,,,,,96,,89.63,94.46,516.3,,,93.4,,,,,,,,,,yes,logged,16,,0.101209,dit_throughput_PixArt-alpha_PixArt-Sigma-XL-2-1024-MS_bfloat16_20260928_145731.txt
dit_throughput,diffusers,20260928_145731,SR630 V4,6740P,L4,ThinkSystem SR630 V4,Intel(R) Xeon(R) 6740P,NVIDIA L4 x2,"96 logical, 96 physical, 2 sockets",stabilityai/stable-diffusion-3.5-large,,cpu,bfloat16,disabled,,"offline throughput sweep (no SLA, no arrival model)","sweep 2,4",30,"sweep 1,2",1024x1024,20,1,42,24 per replica,enabled,,,,,,,,1,,,,,120,,,,,sweep bf16,cpu,disabled (matmul_precision=highest),,,,,,,diffusers,,,,8,,,0.021662,0.000018,2,4,,369.310,,,,1200.5,cpu RAPL package,,184.6549,0.433,718.0697,-533.4148,388.9,,,,,,,,,,,,,,,,,,,,,,,,,,,,,,,,,,,,,,,,,,,,,,,,,,,,,,,,,96,,79.63,95.52,1200.5,,,83.0,,,,,,,,,,yes,logged,8,,0.021662,dit_throughput_stabilityai_stable-diffusion-3.5-large_bfloat16_20260928_145731.txt
dit_throughput,diffusers,20260928_145731,SR630 V4,6740P,L4,ThinkSystem SR630 V4,Intel(R) Xeon(R) 6740P,NVIDIA L4 x2,"96 logical, 96 physical, 2 sockets",stabilityai/stable-diffusion-3.5-medium,,cpu,bfloat16,disabled,,"offline throughput sweep (no SLA, no arrival model)","sweep 2,4",30,"sweep 1,2",1024x1024,20,1,42,24 per replica,enabled,,,,,,,,1,,,,,120,,,,,sweep bf16,cpu,disabled (matmul_precision=highest),,,,,,,diffusers,,,,8,,,0.060000,0.000024,1,4,,133.333,,,,2478.6,cpu RAPL package,,66.6667,1.200,243.6898,-177.0232,365.5,,,,,,,,,,,,,,,,,,,,,,,,,,,,,,,,,,,,,,,,,,,,,,,,,,,,,,,,,96,,89.70,94.85,2478.6,,,93.4,,,,,,,,,,yes,logged,8,,0.060000,dit_throughput_stabilityai_stable-diffusion-3.5-medium_bfloat16_20260928_145731.txt
dit_throughput,diffusers,20260928_173518,SR630 V4,6740P,L4,ThinkSystem SR630 V4,Intel(R) Xeon(R) 6740P,NVIDIA L4 x2,"96 logical, 96 physical, 2 sockets",Efficient-Large-Model/Sana_1600M_1024px_diffusers,,cpu,bfloat16,disabled,,"offline throughput sweep (no SLA, no arrival model)",sweep 1,30,"sweep 1,2",1024x1024,20,1,42,96 per replica,enabled,,,,,,,,1,,,,,120,,,,,sweep bf16,cpu,disabled (matmul_precision=highest),,,,,,,diffusers,,,,4,,,0.019283,0.000051,2,1,,207.434,,,,377.3,cpu RAPL package,,51.8586,0.386,39.8497,12.0089,76.8,,,,,,,,,,,,,,,,,,,,,,,,,,,,,,,,,,,,,,,,,,,,,,,,,,,,,,,,,96,,88.05,94.66,377.3,,,91.7,,,,,,,,,,yes,logged,4,,0.019283,dit_throughput_Efficient-Large-Model_Sana_1600M_1024px_diffusers_bfloat16_20260928_173518.txt
dit_throughput,diffusers,20260928_173518,SR630 V4,6740P,L4,ThinkSystem SR630 V4,Intel(R) Xeon(R) 6740P,NVIDIA L4 x2,"96 logical, 96 physical, 2 sockets",Efficient-Large-Model/Sana_600M_1024px_diffusers,,cpu,bfloat16,disabled,,"offline throughput sweep (no SLA, no arrival model)",sweep 1,30,"sweep 1,2",1024x1024,20,1,42,96 per replica,enabled,,,,,,,,1,,,,,120,,,,,sweep bf16,cpu,disabled (matmul_precision=highest),,,,,,,diffusers,,,,4,,,0.030314,0.000081,1,1,,131.952,,,,372.9,cpu RAPL package,,32.9880,0.606,19.8041,13.1838,60.0,,,,,,,,,,,,,,,,,,,,,,,,,,,,,,,,,,,,,,,,,,,,,,,,,,,,,,,,,96,,87.02,96.00,372.9,,,90.6,,,,,,,,,,yes,logged,4,,0.030314,dit_throughput_Efficient-Large-Model_Sana_600M_1024px_diffusers_bfloat16_20260928_173518.txt
dit_throughput,diffusers,20260928_173518,SR630 V4,6740P,L4,ThinkSystem SR630 V4,Intel(R) Xeon(R) 6740P,NVIDIA L4 x2,"96 logical, 96 physical, 2 sockets",PixArt-alpha/PixArt-Sigma-XL-2-1024-MS,,cpu,bfloat16,disabled,,"offline throughput sweep (no SLA, no arrival model)",sweep 1,30,"sweep 1,2",1024x1024,20,1,42,96 per replica,enabled,,,,,,,,1,,,,,120,,,,,sweep bf16,cpu,disabled (matmul_precision=highest),,,,,,,diffusers,,,,2,,,0.015223,0.000040,2,1,,131.384,,,,381.2,cpu RAPL package,,65.6920,0.304,,,,,,,,,,,,,,,,,,,,,,,,,,,,,,,,,,,,,,,,,,,,,,,,,,,,,,,,,,,,96,,83.71,95.04,381.2,,,87.2,,,,,,,,,,yes,logged,2,,0.015223,dit_throughput_PixArt-alpha_PixArt-Sigma-XL-2-1024-MS_bfloat16_20260928_173518.txt
dit_throughput,diffusers,20260928_173518,SR630 V4,6740P,L4,ThinkSystem SR630 V4,Intel(R) Xeon(R) 6740P,NVIDIA L4 x2,"96 logical, 96 physical, 2 sockets",stabilityai/stable-diffusion-3.5-large,,cpu,bfloat16,disabled,,"offline throughput sweep (no SLA, no arrival model)",sweep 1,30,"sweep 1,2",1024x1024,20,1,42,96 per replica,enabled,,,,,,,,1,,,,,120,,,,,sweep bf16,cpu,disabled (matmul_precision=highest),,,,,,,diffusers,,,,2,,,0.003714,0.000004,2,1,,538.448,,,,852.5,cpu RAPL package,,269.2238,0.074,258.0378,11.1860,95.8,,,,,,,,,,,,,,,,,,,,,,,,,,,,,,,,,,,,,,,,,,,,,,,,,,,,,,,,,96,,70.37,92.54,852.5,,,73.3,,,,,,,,,,yes,logged,2,,0.003714,dit_throughput_stabilityai_stable-diffusion-3.5-large_bfloat16_20260928_173518.txt
dit_throughput,diffusers,20260928_173518,SR630 V4,6740P,L4,ThinkSystem SR630 V4,Intel(R) Xeon(R) 6740P,NVIDIA L4 x2,"96 logical, 96 physical, 2 sockets",stabilityai/stable-diffusion-3.5-medium,,cpu,bfloat16,disabled,,"offline throughput sweep (no SLA, no arrival model)",sweep 1,30,"sweep 1,2",1024x1024,20,1,42,96 per replica,enabled,,,,,,,,1,,,,,120,,,,,sweep bf16,cpu,disabled (matmul_precision=highest),,,,,,,diffusers,,,,2,,,0.008116,0.000006,2,1,,246.427,,,,1439.0,cpu RAPL package,,123.2133,0.162,109.7840,13.4293,89.1,,,,,,,,,,,,,,,,,,,,,,,,,,,,,,,,,,,,,,,,,,,,,,,,,,,,,,,,,96,,77.34,93.22,1439.0,,,80.6,,,,,,,,,,yes,logged,2,,0.008116,dit_throughput_stabilityai_stable-diffusion-3.5-medium_bfloat16_20260928_173518.txt
server_vit_benchmark,diffusers,20261005_151058,SR630 V4,6740P,L4,ThinkSystem SR630 V4,Intel(R) Xeon(R) 6740P,NVIDIA L4 x2,"96 logical, 96 physical, 2 sockets",google/vit-base-patch16-224,ILSVRC/imagenet-1k,cpu,bfloat16,disabled,,,4,256,16,,,5,42,16 per replica,disabled,,,,,,0.1000,95,1,,interactive,100,5,30,5,8,slow,disabled,,cpu,,"0-37,48-79, split between replicas",,,,,,,,,,258,,,8.600,,,,,,,,,,,62.453,0.0625,,,,,215,0.8333,9.51,,,,,0.112,,48.2,0.6,10.1,19.6,48.2,95.7,,,,0.59,,,,,258,,53.27,,92.48,235.73,255.32,,1.01,1,2.503,0.997,76.72,inference,,,,,1.38,5.89,5.36,77.51,,,,,,,,120,,,,96,0.12,,,,0.36,12.1,3.9,1.28,84,,,,,,,,yes,logged,258,,8.600,server_vit_google_vit-base-patch16-224_interactive_20261005_151058.txt
server_vit_benchmark,diffusers,20261005_151440,SR630 V4,6740P,L4,ThinkSystem SR630 V4,Intel(R) Xeon(R) 6740P,NVIDIA L4 x2,"96 logical, 96 physical, 2 sockets",microsoft/swin-base-patch4-window7-224,ILSVRC/imagenet-1k,cpu,bfloat16,disabled,,,4,256,16,,,5,42,16 per replica,disabled,,,,,,0.1000,95,1,,interactive,100,5,30,5,8,slow,disabled,,cpu,,"0-37,48-79, split between replicas",,,,,,,,,,585,,,19.500,,,,,,,,,,,85.655,0.0857,,,,,505,0.8632,19.87,,,,,0.349,,101.1,1.7,21.6,41.4,101.1,200.4,,,,1.70,,,,,585,,81.43,,99.10,140.86,156.93,,1.06,3,1.042,1.006,55.94,inference,,,,,1.56,6.45,6.01,85.01,,,,,,,,120,,,,96,0.27,,,,0.60,27.1,8.3,1.35,84,,,,,,,,yes,logged,585,,19.500,server_vit_microsoft_swin-base-patch4-window7-224_interactive_20261005_151440.txt
server_vit_benchmark,diffusers,20261005_151856,SR630 V4,6740P,L4,ThinkSystem SR630 V4,Intel(R) Xeon(R) 6740P,NVIDIA L4 x2,"96 logical, 96 physical, 2 sockets",facebook/dinov2-base,ILSVRC/imagenet-1k,cpu,bfloat16,disabled,,,4,256,16,,,5,42,16 per replica,disabled,,,,,,0.1000,95,1,,interactive,100,5,30,5,8,slow,disabled,,cpu,,"0-37,48-79, split between replicas",,,,,,,,,,3325,,,110.833,,,,,,,,,,,60.013,0.0600,,,,,,,112.40,,,,,0.712,,568.7,6.7,119.1,231.5,568.7,1130.7,,,,6.75,,,,,3325,,55.62,,92.65,115.96,166.07,,2.22,6,1.008,1.003,155.65,inference,,,,,1.11,7.65,18.93,73.57,,,,,,,,120,,,,96,1.27,,,,1.67,127.5,25.1,1.50,87,,,,,,,,yes,logged,3325,,110.833,server_vit_facebook_dinov2-base_interactive_20261005_151856.txt
server_vit_benchmark,diffusers,20261005_152624,SR630 V4,6740P,L4,ThinkSystem SR630 V4,Intel(R) Xeon(R) 6740P,NVIDIA L4 x2,"96 logical, 96 physical, 2 sockets",google/vit-large-patch16-224,ILSVRC/imagenet-1k,cpu,bfloat16,disabled,,,4,256,32,,,5,42,16 per replica,disabled,,,,,,0.1000,95,1,,interactive,100,5,30,5,8,slow,disabled,,cpu,,"0-31,48-79, split between replicas",,,,,,,,,,1237,,,41.233,,,,,,,,,,,59.528,0.0595,,,,,1031,0.8335,41.50,,,,,0.431,,210.0,2.5,44.0,85.5,210.0,417.5,,,,2.47,,,,,1237,,52.59,,92.93,170.96,236.66,,1.18,2,1.049,1.001,95.67,inference,,,,,1.47,5.60,9.38,80.71,,,,,,,,119,,,,96,0.53,,,,0.96,53.1,30.7,1.48,87,,,,,,,,yes,logged,1237,,41.233,server_vit_google_vit-large-patch16-224_interactive_20261005_152624.txt
server_vit_benchmark,diffusers,20261005_153118,SR630 V4,6740P,L4,ThinkSystem SR630 V4,Intel(R) Xeon(R) 6740P,NVIDIA L4 x2,"96 logical, 96 physical, 2 sockets",facebook/dinov2-large,ILSVRC/imagenet-1k,cpu,bfloat16,disabled,,,4,256,32,,,5,42,16 per replica,disabled,,,,,,0.1000,95,1,,interactive,100,5,30,5,8,slow,disabled,,cpu,,"0-31,48-79, split between replicas",,,,,,,,,,953,,,31.767,,,,,,,,,,,67.185,0.0672,,,,,,,33.42,,,,,0.398,,169.3,2.2,35.7,69.1,169.3,336.4,,,,2.25,,,,,953,,61.83,,96.96,161.21,187.14,,1.12,3,0.842,0.994,79.88,inference,,,,,1.59,6.94,7.23,82.15,,,,,,,,120,,,,96,0.46,,,,0.83,46.1,28.2,1.50,87,,,,,,,,yes,logged,953,,31.767,server_vit_facebook_dinov2-large_interactive_20261005_153118.txt
server_vit_benchmark,diffusers,20261005_153936,SR630 V4,6740P,L4,ThinkSystem SR630 V4,Intel(R) Xeon(R) 6740P,NVIDIA L4 x2,"96 logical, 96 physical, 2 sockets",facebook/dinov2-giant,ILSVRC/imagenet-1k,cpu,bfloat16,disabled,,,2,256,16,,,5,42,32 per replica,disabled,,,,,,0.2500,95,1,,interactive,250,5,30,5,8,slow,disabled,,cpu,,"0-37,48-79, split between replicas",,,,,,,,,,0,,,,,,,,,,,,,,,,,,,,,,0,,,,,,,0,,,,,,,,,,,,SLA unmet at every level tried; this cell cannot serve a single user inside the budget,,,,,,,,,,,,,,,,,,,,,,,,,,,,,,,,,,,,,,,,,,,,,,,,,,,,yes,logged,,,,server_vit_facebook_dinov2-giant_interactive_20261005_153936.txt
server_vit_benchmark,diffusers,20261005_154604,SR630 V4,6740P,L4,ThinkSystem SR630 V4,Intel(R) Xeon(R) 6740P,NVIDIA L4 x2,"96 logical, 96 physical, 2 sockets",facebook/dinov2-giant,ILSVRC/imagenet-1k,cpu,bfloat16,disabled,,,2,256,16,,,5,42,32 per replica,disabled,,,,,,0.5000,95,1,,interactive,500,5,30,5,8,slow,disabled,,cpu,,"0-37,48-79, split between replicas",,,,,,,,,,27,,,0.900,,,,,,,,,,,434.330,0.4343,,,,,,,0.74,,,,,0.186,,4.0,0.3,1.1,1.8,4.0,7.7,,,,0.32,,,,,27,,422.29,,491.45,537.90,551.70,,1.00,1,1.031,0.947,4.84,inference,,,,,0.97,7.04,80.11,451.03,,,,,,,,119,,,,96,0.02,,,,0.16,1.6,6.2,1.17,52,,,,,,,,yes,logged,27,,0.900,server_vit_facebook_dinov2-giant_interactive_20261005_154604.txt
server_vit_benchmark,diffusers,20261005_165235,SR630 V4,6740P,L4,ThinkSystem SR630 V4,Intel(R) Xeon(R) 6740P,NVIDIA L4 x2,"96 logical, 96 physical, 2 sockets",google/vit-base-patch16-224,ILSVRC/imagenet-1k,cpu,bfloat16,disabled,,,2,256,16,,,5,42,8 per replica,disabled,,,,,,0.1000,95,1,,interactive,100,5,30,5,8,slow,disabled,,cpu,,"0-7,48-55, split between replicas",,,,,,,,,,3057,,,101.900,,,,,,,,,,,58.072,0.0581,,,,,2545,0.8325,103.07,,,,,0.752,,521.3,6.0,109.1,212.1,521.3,1036.7,,,,5.99,,,,,3057,,53.89,,97.41,131.50,187.06,,3.20,6,0.991,1.008,135.46,inference,,,,,1.16,5.75,29.06,69.17,,,,,,,,120,,,,96,0.89,,,,1.24,88.6,14.1,1.45,83,,,,,,,,yes,logged,3057,,101.900,server_vit_google_vit-base-patch16-224_interactive_20261005_165235.txt
server_vit_benchmark,diffusers,20261005_165802,SR630 V4,6740P,L4,ThinkSystem SR630 V4,Intel(R) Xeon(R) 6740P,NVIDIA L4 x2,"96 logical, 96 physical, 2 sockets",google/vit-base-patch16-224,ILSVRC/imagenet-1k,cpu,bfloat16,disabled,,,2,256,16,,,5,42,12 per replica,disabled,,,,,,0.1000,95,1,,interactive,100,5,30,5,8,slow,disabled,,cpu,,"0-11,48-59, split between replicas",,,,,,,,,,4371,,,145.700,,,,,,,,,,,57.967,0.0580,,,,,3635,0.8316,145.76,,,,,0.795,,737.3,8.4,154.2,300.0,737.3,1466.1,,,,8.45,,,,,4371,,55.48,,95.85,116.23,155.64,,4.29,12,1.049,1.015,183.28,inference,,,,,1.13,6.00,29.77,68.81,,,,,,,,119,,,,96,1.11,,,,1.48,111.2,21.9,2.40,83,,,,,,,,yes,logged,4371,,145.700,server_vit_google_vit-base-patch16-224_interactive_20261005_165802.txt
server_vit_benchmark,diffusers,20261005_170418,SR630 V4,6740P,L4,ThinkSystem SR630 V4,Intel(R) Xeon(R) 6740P,NVIDIA L4 x2,"96 logical, 96 physical, 2 sockets",google/vit-base-patch16-224,ILSVRC/imagenet-1k,cpu,bfloat16,disabled,,,2,256,16,,,5,42,16 per replica,disabled,,,,,,0.1000,95,1,,interactive,100,5,30,5,8,slow,disabled,,cpu,,"0-15,48-63, split between replicas",,,,,,,,,,0,,,,,,,,,,,,,,,,,,,,,,0,,,,,,,0,,,,,,,,,,,,SLA unmet at every level tried; this cell cannot serve a single user inside the budget,,,,,,,,,,,,,,,,,,,,,,,,,,,,,,,,,,,,,,,,,,,,,,,,,,,,yes,logged,,,,server_vit_google_vit-base-patch16-224_interactive_20261005_170418.txt
server_vit_benchmark,diffusers,20261005_170720,SR630 V4,6740P,L4,ThinkSystem SR630 V4,Intel(R) Xeon(R) 6740P,NVIDIA L4 x2,"96 logical, 96 physical, 2 sockets",google/vit-base-patch16-224,ILSVRC/imagenet-1k,cpu,bfloat16,disabled,,,4,256,16,,,5,42,8 per replica,disabled,,,,,,0.1000,95,1,,interactive,100,5,30,5,8,slow,disabled,,cpu,,"0-15,48-63, split between replicas",,,,,,,,,,6242,,,208.067,,,,,,,,,,,59.288,0.0593,,,,,5192,0.8318,206.14,,,,,0.774,,1042.9,12.2,218.4,424.5,1042.9,2073.6,,,,12.22,,,,,6242,,54.72,,98.33,128.58,198.97,,3.60,9,0.990,0.978,268.96,inference,,,,,1.14,6.67,18.40,79.71,,,,,,,,120,,,,96,1.74,,,,2.19,174.2,28.5,1.59,87,,,,,,,,yes,logged,6242,,208.067,server_vit_google_vit-base-patch16-224_interactive_20261005_170720.txt
server_vit_benchmark,diffusers,20261005_171322,SR630 V4,6740P,L4,ThinkSystem SR630 V4,Intel(R) Xeon(R) 6740P,NVIDIA L4 x2,"96 logical, 96 physical, 2 sockets",google/vit-base-patch16-224,ILSVRC/imagenet-1k,cpu,bfloat16,disabled,,,4,256,16,,,5,42,12 per replica,disabled,,,,,,0.1000,95,1,,interactive,100,5,30,5,8,slow,disabled,,cpu,,"0-23,48-71, split between replicas",,,,,,,,,,8386,,,279.533,,,,,,,,,,,59.074,0.0591,,,,,6971,0.8313,279.17,,,,,0.796,,1412.3,16.5,295.7,574.8,1412.3,2808.2,,,,16.49,,,,,8386,,54.67,,99.80,126.92,272.05,,4.65,13,1.016,0.955,351.34,inference,,,,,1.35,8.98,18.60,78.38,,,,,,,,120,,,,96,2.24,,,,2.72,223.6,42.8,4.74,87,,,,,,,,yes,logged,8386,,279.533,server_vit_google_vit-base-patch16-224_interactive_20261005_171322.txt
server_vit_benchmark,diffusers,20261005_172020,SR630 V4,6740P,L4,ThinkSystem SR630 V4,Intel(R) Xeon(R) 6740P,NVIDIA L4 x2,"96 logical, 96 physical, 2 sockets",google/vit-base-patch16-224,ILSVRC/imagenet-1k,cpu,bfloat16,disabled,,,4,256,16,,,5,42,16 per replica,disabled,,,,,,0.1000,95,1,,interactive,100,5,30,5,8,slow,disabled,,cpu,,"0-31,48-79, split between replicas",,,,,,,,,,0,,,,,,,,,,,,,,,,,,,,,,0,,,,,,,0,,,,,,,,,,,,SLA unmet at every level tried; this cell cannot serve a single user inside the budget,,,,,,,,,,,,,,,,,,,,,,,,,,,,,,,,,,,,,,,,,,,,,,,,,,,,yes,logged,,,,server_vit_google_vit-base-patch16-224_interactive_20261005_172020.txt
server_vit_benchmark,diffusers,20261005_172324,SR630 V4,6740P,L4,ThinkSystem SR630 V4,Intel(R) Xeon(R) 6740P,NVIDIA L4 x2,"96 logical, 96 physical, 2 sockets",google/vit-base-patch16-224,ILSVRC/imagenet-1k,cpu,bfloat16,disabled,,,6,256,16,,,5,42,8 per replica,disabled,,,,,,0.1000,95,1,,interactive,100,5,30,5,8,slow,disabled,,cpu,,"0-23,48-71, split between replicas",,,,,,,,,,9190,,,306.333,,,,,,,,,,,57.066,0.0571,,,,,7644,0.8318,304.44,,,,,0.767,,1539.6,17.4,321.8,626.2,1539.6,3061.7,,,,17.37,,,,,9190,,52.67,,94.71,130.63,216.97,,3.47,7,0.976,0.995,399.64,inference,,,,,1.31,8.19,12.95,78.57,,,,,,,,120,,,,96,2.60,,,,3.02,259.8,41.9,1.76,91,,,,,,,,yes,logged,9190,,306.333,server_vit_google_vit-base-patch16-224_interactive_20261005_172324.txt
server_vit_benchmark,diffusers,20261005_173002,SR630 V4,6740P,L4,ThinkSystem SR630 V4,Intel(R) Xeon(R) 6740P,NVIDIA L4 x2,"96 logical, 96 physical, 2 sockets",google/vit-base-patch16-224,ILSVRC/imagenet-1k,cpu,bfloat16,disabled,,,6,256,16,,,5,42,12 per replica,disabled,,,,,,0.1000,95,1,,interactive,100,5,30,5,8,slow,disabled,,cpu,,"0-35,48-83, split between replicas",,,,,,,,,,10426,,,347.533,,,,,,,,,,,56.419,0.0564,,,,,8675,0.8321,346.69,,,,,0.765,,1753.0,19.6,366.2,712.9,1753.0,3486.5,,,,19.56,,,,,10426,,50.27,,95.16,121.50,219.86,,3.88,11,0.969,0.988,454.33,inference,,,,,1.61,12.48,12.81,77.23,,,,,,,,119,,,,96,3.05,,,,3.46,305.3,60.6,2.14,91,,,,,,,,yes,logged,10426,,347.533,server_vit_google_vit-base-patch16-224_interactive_20261005_173002.txt
server_vit_benchmark,diffusers,20261005_173644,SR630 V4,6740P,L4,ThinkSystem SR630 V4,Intel(R) Xeon(R) 6740P,NVIDIA L4 x2,"96 logical, 96 physical, 2 sockets",google/vit-base-patch16-224,ILSVRC/imagenet-1k,cpu,bfloat16,disabled,,,6,256,16,,,5,42,16 per replica,disabled,,,,,,0.1000,95,1,,interactive,100,5,30,5,8,slow,disabled,,cpu,,"0-47,48-95, split between replicas",,,,,,,,,,0,,,,,,,,,,,,,,,,,,,,,,0,,,,,,,0,,,,,,,,,,,,SLA unmet at every level tried; this cell cannot serve a single user inside the budget,,,,,,,,,,,,,,,,,,,,,,,,,,,,,,,,,,,,,,,,,,,,,,,,,,,,yes,logged,,,,server_vit_google_vit-base-patch16-224_interactive_20261005_173644.txt
server_vit_benchmark,diffusers,20261005_173946,SR630 V4,6740P,L4,ThinkSystem SR630 V4,Intel(R) Xeon(R) 6740P,NVIDIA L4 x2,"96 logical, 96 physical, 2 sockets",microsoft/swin-base-patch4-window7-224,ILSVRC/imagenet-1k,cpu,bfloat16,disabled,,,2,256,16,,,5,42,8 per replica,disabled,,,,,,0.1000,95,1,,interactive,100,5,30,5,8,slow,disabled,,cpu,,"0-7,48-55, split between replicas",,,,,,,,,,910,,,30.333,,,,,,,,,,,61.885,0.0619,,,,,785,0.8626,32.00,,,,,0.529,,162.0,2.0,34.0,66.0,162.0,322.0,,,,1.98,,,,,910,,51.88,,98.60,114.89,228.75,,1.47,3,0.975,0.987,57.34,inference,,,,,1.49,6.05,30.38,69.04,,,,,,,,119,,,,96,0.38,,,,0.72,37.6,9.7,1.27,79,,,,,,,,yes,logged,910,,30.333,server_vit_microsoft_swin-base-patch4-window7-224_interactive_20261005_173946.txt
server_vit_benchmark,diffusers,20261005_174438,SR630 V4,6740P,L4,ThinkSystem SR630 V4,Intel(R) Xeon(R) 6740P,NVIDIA L4 x2,"96 logical, 96 physical, 2 sockets",microsoft/swin-base-patch4-window7-224,ILSVRC/imagenet-1k,cpu,bfloat16,disabled,,,2,256,16,,,5,42,12 per replica,disabled,,,,,,0.1000,95,1,,interactive,100,5,30,5,8,slow,disabled,,cpu,,"0-11,48-59, split between replicas",,,,,,,,,,31,,,1.033,,,,,,,,,,,51.516,0.0515,,,,,25,0.8065,0.96,,,,,0.022,,4.8,0.0,1.0,2.0,4.8,9.6,,,,0.05,,,,,31,,50.38,,53.29,77.06,87.14,,1.00,0,0.882,0.984,48.06,inference,,,,,1.79,5.13,5.13,42.74,,,,,,,,119,,,,96,0.02,,,,0.12,1.5,0.6,1.21,77,,,,,,,,yes,logged,31,,1.033,server_vit_microsoft_swin-base-patch4-window7-224_interactive_20261005_174438.txt
server_vit_benchmark,diffusers,20261005_174955,SR630 V4,6740P,L4,ThinkSystem SR630 V4,Intel(R) Xeon(R) 6740P,NVIDIA L4 x2,"96 logical, 96 physical, 2 sockets",microsoft/swin-base-patch4-window7-224,ILSVRC/imagenet-1k,cpu,bfloat16,disabled,,,2,256,16,,,5,42,16 per replica,disabled,,,,,,0.1000,95,1,,interactive,100,5,30,5,8,slow,disabled,,cpu,,"0-15,48-63, split between replicas",,,,,,,,,,1743,,,58.100,,,,,,,,,,,63.102,0.0631,,,,,1507,0.8646,58.69,,,,,0.720,,297.1,3.7,62.4,121.1,297.1,590.6,,,,3.70,,,,,1743,,57.96,,98.45,117.01,144.45,,2.25,5,1.034,1.031,80.66,inference,,,,,1.31,6.78,32.53,65.78,,,,,,,,119,,,,96,0.64,,,,1.00,64.4,25.9,1.45,83,,,,,,,,yes,logged,1743,,58.100,server_vit_microsoft_swin-base-patch4-window7-224_interactive_20261005_174955.txt
server_vit_benchmark,diffusers,20261005_175447,SR630 V4,6740P,L4,ThinkSystem SR630 V4,Intel(R) Xeon(R) 6740P,NVIDIA L4 x2,"96 logical, 96 physical, 2 sockets",microsoft/swin-base-patch4-window7-224,ILSVRC/imagenet-1k,cpu,bfloat16,disabled,,,4,256,16,,,5,42,8 per replica,disabled,,,,,,0.1000,95,1,,interactive,100,5,30,5,8,slow,disabled,,cpu,,"0-15,48-63, split between replicas",,,,,,,,,,2074,,,69.133,,,,,,,,,,,63.203,0.0632,,,,,1788,0.8621,69.79,,,,,0.614,,353.4,4.4,74.2,144.0,353.4,702.3,,,,4.41,,,,,2074,,52.22,,99.45,176.92,230.62,,1.59,5,1.124,1.003,112.51,inference,,,,,1.12,6.62,16.33,85.82,,,,,,,,120,,,,96,0.84,,,,1.32,84.0,22.2,1.46,87,,,,,,,,yes,logged,2074,,69.133,server_vit_microsoft_swin-base-patch4-window7-224_interactive_20261005_175447.txt
server_vit_benchmark,diffusers,20261005_180014,SR630 V4,6740P,L4,ThinkSystem SR630 V4,Intel(R) Xeon(R) 6740P,NVIDIA L4 x2,"96 logical, 96 physical, 2 sockets",microsoft/swin-base-patch4-window7-224,ILSVRC/imagenet-1k,cpu,bfloat16,disabled,,,4,256,16,,,5,42,12 per replica,disabled,,,,,,0.1000,95,1,,interactive,100,5,30,5,8,slow,disabled,,cpu,,"0-23,48-71, split between replicas",,,,,,,,,,61,,,2.033,,,,,,,,,,,57.446,0.0574,,,,,53,0.8689,2.00,,,,,0.024,,10.1,0.1,2.1,4.1,10.1,20.1,,,,0.11,,,,,61,,50.45,,53.04,225.72,265.09,,1.00,0,1.901,1.008,84.11,inference,,,,,1.45,5.13,5.17,41.89,,,,,,,,116,,,,96,0.03,,,,0.16,2.9,1.3,1.21,81,,,,,,,,yes,logged,61,,2.033,server_vit_microsoft_swin-base-patch4-window7-224_interactive_20261005_180014.txt
server_vit_benchmark,diffusers,20261005_180429,SR630 V4,6740P,L4,ThinkSystem SR630 V4,Intel(R) Xeon(R) 6740P,NVIDIA L4 x2,"96 logical, 96 physical, 2 sockets",microsoft/swin-base-patch4-window7-224,ILSVRC/imagenet-1k,cpu,bfloat16,disabled,,,4,256,16,,,5,42,16 per replica,disabled,,,,,,0.1000,95,1,,interactive,100,5,30,5,8,slow,disabled,,cpu,,"0-31,48-79, split between replicas",,,,,,,,,,3501,,,116.700,,,,,,,,,,,61.044,0.0610,,,,,3025,0.8640,117.38,,,,,0.730,,594.0,7.2,124.5,241.9,594.0,1180.9,,,,7.17,,,,,3501,,56.66,,93.96,113.75,148.32,,2.38,6,1.035,1.009,159.79,inference,,,,,1.12,7.10,19.30,75.50,,,,,,,,119,,,,96,1.26,,,,1.79,125.9,52.1,1.50,87,,,,,,,,yes,logged,3501,,116.700,server_vit_microsoft_swin-base-patch4-window7-224_interactive_20261005_180429.txt
server_vit_benchmark,diffusers,20261005_180956,SR630 V4,6740P,L4,ThinkSystem SR630 V4,Intel(R) Xeon(R) 6740P,NVIDIA L4 x2,"96 logical, 96 physical, 2 sockets",microsoft/swin-base-patch4-window7-224,ILSVRC/imagenet-1k,cpu,bfloat16,disabled,,,6,256,16,,,5,42,8 per replica,disabled,,,,,,0.1000,95,1,,interactive,100,5,30,5,8,slow,disabled,,cpu,,"0-23,48-71, split between replicas",,,,,,,,,,3057,,,101.900,,,,,,,,,,,60.612,0.0606,,,,,2639,0.8633,103.07,,,,,0.618,,521.6,6.2,109.3,212.4,521.6,1037.0,,,,6.25,,,,,3057,,52.29,,92.81,127.04,470.06,,1.51,7,1.090,1.005,164.94,inference,,,,,1.09,6.78,10.16,71.26,,,,,,,,120,,,,96,1.25,,,,1.75,124.6,33.5,1.47,91,,,,,,,,yes,logged,3057,,101.900,server_vit_microsoft_swin-base-patch4-window7-224_interactive_20261005_180956.txt
server_vit_benchmark,diffusers,20261005_181523,SR630 V4,6740P,L4,ThinkSystem SR630 V4,Intel(R) Xeon(R) 6740P,NVIDIA L4 x2,"96 logical, 96 physical, 2 sockets",microsoft/swin-base-patch4-window7-224,ILSVRC/imagenet-1k,cpu,bfloat16,disabled,,,6,256,16,,,5,42,12 per replica,disabled,,,,,,0.1000,95,1,,interactive,100,5,30,5,8,slow,disabled,,cpu,,"0-35,48-83, split between replicas",,,,,,,,,,42,,,1.400,,,,,,,,,,,53.417,0.0534,,,,,35,0.8333,1.14,,,,,0.010,,5.8,0.1,1.2,2.3,5.8,11.4,,,,0.06,,,,,42,,51.10,,61.97,93.68,113.38,,1.00,0,1.064,1.010,137.58,inference,,,,,1.77,4.92,5.15,52.88,,,,,,,,120,,,,96,0.02,,,,0.12,2.0,0.8,1.22,85,,,,,,,,yes,logged,42,,1.400,server_vit_microsoft_swin-base-patch4-window7-224_interactive_20261005_181523.txt
server_vit_benchmark,diffusers,20261005_182012,SR630 V4,6740P,L4,ThinkSystem SR630 V4,Intel(R) Xeon(R) 6740P,NVIDIA L4 x2,"96 logical, 96 physical, 2 sockets",microsoft/swin-base-patch4-window7-224,ILSVRC/imagenet-1k,cpu,bfloat16,disabled,,,6,256,16,,,5,42,16 per replica,disabled,,,,,,0.1000,95,1,,interactive,100,5,30,5,8,slow,disabled,,cpu,,"0-47,48-95, split between replicas",,,,,,,,,,165,,,5.500,,,,,,,,,,,52.154,0.0522,,,,,144,0.8727,5.66,,,,,0.038,,28.6,0.3,6.0,11.6,28.6,56.9,,,,0.30,,,,,165,,47.06,,72.72,132.74,143.24,,1.00,1,0.453,0.991,145.26,inference,,,,,1.61,6.25,5.41,57.64,,,,,,,,115,,,,96,0.09,,,,0.40,8.6,4.2,1.21,85,,,,,,,,yes,logged,165,,5.500,server_vit_microsoft_swin-base-patch4-window7-224_interactive_20261005_182012.txt
server_vit_benchmark,diffusers,20261005_182352,SR630 V4,6740P,L4,ThinkSystem SR630 V4,Intel(R) Xeon(R) 6740P,NVIDIA L4 x2,"96 logical, 96 physical, 2 sockets",facebook/dinov2-base,ILSVRC/imagenet-1k,cpu,bfloat16,disabled,,,2,256,16,,,5,42,8 per replica,disabled,,,,,,0.1000,95,1,,interactive,100,5,30,5,8,slow,disabled,,cpu,,"0-7,48-55, split between replicas",,,,,,,,,,1807,,,60.233,,,,,,,,,,,51.774,0.0518,,,,,,,61.29,,,,,0.625,,309.6,3.2,64.5,125.7,309.6,616.0,,,,3.17,,,,,1807,,47.07,,90.30,105.64,123.03,,1.94,5,0.969,0.989,96.40,inference,,,,,1.14,6.60,25.56,68.72,,,,,,,,120,,,,96,0.70,,,,1.08,69.9,11.9,1.52,83,,,,,,,,yes,logged,1807,,60.233,server_vit_facebook_dinov2-base_interactive_20261005_182352.txt
server_vit_benchmark,diffusers,20261005_182843,SR630 V4,6740P,L4,ThinkSystem SR630 V4,Intel(R) Xeon(R) 6740P,NVIDIA L4 x2,"96 logical, 96 physical, 2 sockets",facebook/dinov2-base,ILSVRC/imagenet-1k,cpu,bfloat16,disabled,,,2,256,16,,,5,42,12 per replica,disabled,,,,,,0.1000,95,1,,interactive,100,5,30,5,8,slow,disabled,,cpu,,"0-11,48-59, split between replicas",,,,,,,,,,3185,,,106.167,,,,,,,,,,,57.653,0.0577,,,,,,,107.63,,,,,0.761,,544.4,6.2,113.8,221.5,544.4,1082.6,,,,6.21,,,,,3185,,54.23,,94.79,117.38,149.07,,3.23,8,1.043,1.051,139.49,inference,,,,,1.11,7.11,28.86,65.82,,,,,,,,120,,,,96,1.03,,,,1.47,103.1,21.1,1.50,83,,,,,,,,yes,logged,3185,,106.167,server_vit_facebook_dinov2-base_interactive_20261005_182843.txt
server_vit_benchmark,diffusers,20261005_183409,SR630 V4,6740P,L4,ThinkSystem SR630 V4,Intel(R) Xeon(R) 6740P,NVIDIA L4 x2,"96 logical, 96 physical, 2 sockets",facebook/dinov2-base,ILSVRC/imagenet-1k,cpu,bfloat16,disabled,,,2,256,16,,,5,42,16 per replica,disabled,,,,,,0.1000,95,1,,interactive,100,5,30,5,8,slow,disabled,,cpu,,"0-15,48-63, split between replicas",,,,,,,,,,3828,,,127.600,,,,,,,,,,,58.827,0.0588,,,,,,,128.00,,,,,0.780,,647.5,7.5,135.5,263.5,647.5,1287.5,,,,7.53,,,,,3828,,54.19,,99.84,130.06,176.90,,3.87,9,0.970,1.063,163.57,inference,,,,,1.15,7.64,28.86,70.18,,,,,,,,119,,,,96,1.22,,,,1.68,122.2,28.3,1.46,83,,,,,,,,yes,logged,3828,,127.600,server_vit_facebook_dinov2-base_interactive_20261005_183409.txt
server_vit_benchmark,diffusers,20261005_184031,SR630 V4,6740P,L4,ThinkSystem SR630 V4,Intel(R) Xeon(R) 6740P,NVIDIA L4 x2,"96 logical, 96 physical, 2 sockets",facebook/dinov2-base,ILSVRC/imagenet-1k,cpu,bfloat16,disabled,,,4,256,16,,,5,42,8 per replica,disabled,,,,,,0.1000,95,1,,interactive,100,5,30,5,8,slow,disabled,,cpu,,"0-15,48-63, split between replicas",,,,,,,,,,4008,,,133.600,,,,,,,,,,,57.468,0.0575,,,,,,,133.67,,,,,0.698,,676.0,7.7,141.3,275.0,676.0,1344.4,,,,7.68,,,,,4008,,51.75,,96.18,137.85,249.60,,2.39,5,1.060,1.014,191.28,inference,,,,,1.09,7.39,16.62,77.68,,,,,,,,119,,,,96,1.46,,,,2.00,145.7,25.9,1.66,87,,,,,,,,yes,logged,4008,,133.600,server_vit_facebook_dinov2-base_interactive_20261005_184031.txt
server_vit_benchmark,diffusers,20261005_184636,SR630 V4,6740P,L4,ThinkSystem SR630 V4,Intel(R) Xeon(R) 6740P,NVIDIA L4 x2,"96 logical, 96 physical, 2 sockets",facebook/dinov2-base,ILSVRC/imagenet-1k,cpu,bfloat16,disabled,,,4,256,16,,,5,42,12 per replica,disabled,,,,,,0.1000,95,1,,interactive,100,5,30,5,8,slow,disabled,,cpu,,"0-23,48-71, split between replicas",,,,,,,,,,6242,,,208.067,,,,,,,,,,,56.418,0.0564,,,,,,,206.14,,,,,0.757,,1042.3,11.6,217.8,423.9,1042.3,2073.1,,,,11.63,,,,,6242,,52.72,,96.31,113.48,168.57,,3.40,7,1.006,1.014,274.75,inference,,,,,1.12,8.02,17.30,74.33,,,,,,,,119,,,,96,2.02,,,,2.47,202.0,41.6,1.54,87,,,,,,,,yes,logged,6242,,208.067,server_vit_facebook_dinov2-base_interactive_20261005_184636.txt
server_vit_benchmark,diffusers,20261005_185238,SR630 V4,6740P,L4,ThinkSystem SR630 V4,Intel(R) Xeon(R) 6740P,NVIDIA L4 x2,"96 logical, 96 physical, 2 sockets",facebook/dinov2-base,ILSVRC/imagenet-1k,cpu,bfloat16,disabled,,,4,256,16,,,5,42,16 per replica,disabled,,,,,,0.1000,95,1,,interactive,100,5,30,5,8,slow,disabled,,cpu,,"0-31,48-79, split between replicas",,,,,,,,,,6817,,,227.233,,,,,,,,,,,58.095,0.0581,,,,,,,224.80,,,,,0.772,,1137.1,13.1,237.9,462.7,1137.1,2261.1,,,,13.06,,,,,6817,,52.05,,99.41,122.27,191.46,,3.74,12,0.973,1.018,294.48,inference,,,,,1.35,10.70,18.16,76.18,,,,,,,,119,,,,96,2.30,,,,2.86,230.1,54.9,1.59,87,,,,,,,,yes,logged,6817,,227.233,server_vit_facebook_dinov2-base_interactive_20261005_185238.txt
server_vit_benchmark,diffusers,20261005_185839,SR630 V4,6740P,L4,ThinkSystem SR630 V4,Intel(R) Xeon(R) 6740P,NVIDIA L4 x2,"96 logical, 96 physical, 2 sockets",facebook/dinov2-base,ILSVRC/imagenet-1k,cpu,bfloat16,disabled,,,6,256,16,,,5,42,8 per replica,disabled,,,,,,0.1000,95,1,,interactive,100,5,30,5,8,slow,disabled,,cpu,,"0-23,48-71, split between replicas",,,,,,,,,,6242,,,208.067,,,,,,,,,,,56.021,0.0560,,,,,,,206.14,,,,,0.715,,1042.3,11.5,217.7,423.8,1042.3,2073.0,,,,11.55,,,,,6242,,51.21,,93.27,121.26,215.45,,2.39,5,0.972,0.995,291.07,inference,,,,,1.15,8.14,10.68,77.23,,,,,,,,120,,,,96,2.24,,,,2.80,224.3,39.7,1.54,91,,,,,,,,yes,logged,6242,,208.067,server_vit_facebook_dinov2-base_interactive_20261005_185839.txt
server_vit_benchmark,diffusers,20261005_190441,SR630 V4,6740P,L4,ThinkSystem SR630 V4,Intel(R) Xeon(R) 6740P,NVIDIA L4 x2,"96 logical, 96 physical, 2 sockets",facebook/dinov2-base,ILSVRC/imagenet-1k,cpu,bfloat16,disabled,,,6,256,16,,,5,42,12 per replica,disabled,,,,,,0.1000,95,1,,interactive,100,5,30,5,8,slow,disabled,,cpu,,"0-35,48-83, split between replicas",,,,,,,,,,8018,,,267.267,,,,,,,,,,,57.250,0.0573,,,,,,,267.33,,,,,0.742,,1352.0,15.3,282.6,550.0,1352.0,2688.6,,,,15.31,,,,,8018,,53.46,,97.39,119.29,763.65,,3.04,6,1.029,0.991,360.00,inference,,,,,1.40,12.47,12.14,76.74,,,,,,,,119,,,,96,2.86,,,,3.51,286.1,59.6,2.87,91,,,,,,,,yes,logged,8018,,267.267,server_vit_facebook_dinov2-base_interactive_20261005_190441.txt
server_vit_benchmark,diffusers,20261005_191129,SR630 V4,6740P,L4,ThinkSystem SR630 V4,Intel(R) Xeon(R) 6740P,NVIDIA L4 x2,"96 logical, 96 physical, 2 sockets",facebook/dinov2-base,ILSVRC/imagenet-1k,cpu,bfloat16,disabled,,,6,256,16,,,5,42,16 per replica,disabled,,,,,,0.1000,95,1,,interactive,100,5,30,5,8,slow,disabled,,cpu,,"0-47,48-95, split between replicas",,,,,,,,,,162,,,5.400,,,,,,,,,,,34.287,0.0343,,,,,,,5.42,,,,,0.021,,27.3,0.2,5.6,11.0,27.3,54.4,,,,0.19,,,,,162,,31.60,,40.75,84.93,147.53,,1.00,1,1.061,1.000,262.99,inference,,,,,1.69,7.41,5.37,28.53,,,,,,,,119,,,,96,0.09,,,,0.44,8.5,2.4,1.22,85,,,,,,,,yes,logged,162,,5.400,server_vit_facebook_dinov2-base_interactive_20261005_191129.txt
server_vit_benchmark,diffusers,20261005_191510,SR630 V4,6740P,L4,ThinkSystem SR630 V4,Intel(R) Xeon(R) 6740P,NVIDIA L4 x2,"96 logical, 96 physical, 2 sockets",google/vit-large-patch16-224,ILSVRC/imagenet-1k,cpu,bfloat16,disabled,,,2,256,16,,,5,42,24 per replica,disabled,,,,,,0.1000,95,1,,interactive,100,5,30,5,8,slow,disabled,,cpu,,"0-23,48-71, split between replicas",,,,,,,,,,0,,,,,,,,,,,,,,,,,,,,,,0,,,,,,,0,,,,,,,,,,,,SLA unmet at every level tried; this cell cannot serve a single user inside the budget,,,,,,,,,,,,,,,,,,,,,,,,,,,,,,,,,,,,,,,,,,,,,,,,,,,,yes,logged,,,,server_vit_google_vit-large-patch16-224_interactive_20261005_191510.txt
server_vit_benchmark,diffusers,20261005_191813,SR630 V4,6740P,L4,ThinkSystem SR630 V4,Intel(R) Xeon(R) 6740P,NVIDIA L4 x2,"96 logical, 96 physical, 2 sockets",google/vit-large-patch16-224,ILSVRC/imagenet-1k,cpu,bfloat16,disabled,,,4,256,16,,,5,42,12 per replica,disabled,,,,,,0.1000,95,1,,interactive,100,5,30,5,8,slow,disabled,,cpu,,"0-23,48-71, split between replicas",,,,,,,,,,50,,,1.667,,,,,,,,,,,65.326,0.0653,,,,,42,0.8400,1.41,,,,,0.023,,7.2,0.1,1.5,2.9,7.2,14.2,,,,0.09,,,,,50,,59.73,,87.92,124.81,126.12,,1.00,0,1.283,0.995,71.41,inference,,,,,1.15,4.50,5.16,78.90,,,,,,,,119,,,,96,0.02,,,,0.12,2.4,1.2,1.21,81,,,,,,,,yes,logged,50,,1.667,server_vit_google_vit-large-patch16-224_interactive_20261005_191813.txt
server_vit_benchmark,diffusers,20261005_192302,SR630 V4,6740P,L4,ThinkSystem SR630 V4,Intel(R) Xeon(R) 6740P,NVIDIA L4 x2,"96 logical, 96 physical, 2 sockets",google/vit-large-patch16-224,ILSVRC/imagenet-1k,cpu,bfloat16,disabled,,,4,256,16,,,5,42,16 per replica,disabled,,,,,,0.1000,95,1,,interactive,100,5,30,5,8,slow,disabled,,cpu,,"0-31,48-79, split between replicas",,,,,,,,,,1015,,,33.833,,,,,,,,,,,57.488,0.0575,,,,,847,0.8345,34.90,,,,,0.363,,176.5,2.0,36.9,71.8,176.5,351.0,,,,2.01,,,,,1015,,52.52,,77.77,149.19,224.33,,1.09,1,0.956,1.000,93.29,inference,,,,,1.56,5.57,6.05,66.32,,,,,,,,119,,,,96,0.45,,,,0.84,44.5,25.9,1.44,87,,,,,,,,yes,logged,1015,,33.833,server_vit_google_vit-large-patch16-224_interactive_20261005_192302.txt
server_vit_benchmark,diffusers,20261005_192754,SR630 V4,6740P,L4,ThinkSystem SR630 V4,Intel(R) Xeon(R) 6740P,NVIDIA L4 x2,"96 logical, 96 physical, 2 sockets",google/vit-large-patch16-224,ILSVRC/imagenet-1k,cpu,bfloat16,disabled,,,6,256,16,,,5,42,12 per replica,disabled,,,,,,0.1000,95,1,,interactive,100,5,30,5,8,slow,disabled,,cpu,,"0-35,48-83, split between replicas",,,,,,,,,,0,,,,,,,,,,,,,,,,,,,,,,0,,,,,,,0,,,,,,,,,,,,SLA unmet at every level tried; this cell cannot serve a single user inside the budget,,,,,,,,,,,,,,,,,,,,,,,,,,,,,,,,,,,,,,,,,,,,,,,,,,,,yes,logged,,,,server_vit_google_vit-large-patch16-224_interactive_20261005_192754.txt
server_vit_benchmark,diffusers,20261005_193057,SR630 V4,6740P,L4,ThinkSystem SR630 V4,Intel(R) Xeon(R) 6740P,NVIDIA L4 x2,"96 logical, 96 physical, 2 sockets",facebook/dinov2-large,ILSVRC/imagenet-1k,cpu,bfloat16,disabled,,,2,256,16,,,5,42,24 per replica,disabled,,,,,,0.1000,95,1,,interactive,100,5,30,5,8,slow,disabled,,cpu,,"0-23,48-71, split between replicas",,,,,,,,,,33,,,1.100,,,,,,,,,,,60.369,0.0604,,,,,,,1.04,,,,,0.027,,5.3,0.1,1.1,2.2,5.3,10.5,,,,0.06,,,,,33,,54.88,,69.67,132.56,161.58,,1.00,1,1.719,0.997,40.05,inference,,,,,1.43,5.66,5.15,58.74,,,,,,,,118,,,,96,0.02,,,,0.16,1.7,1.4,1.22,77,,,,,,,,yes,logged,33,,1.100,server_vit_facebook_dinov2-large_interactive_20261005_193057.txt
server_vit_benchmark,diffusers,20261005_193546,SR630 V4,6740P,L4,ThinkSystem SR630 V4,Intel(R) Xeon(R) 6740P,NVIDIA L4 x2,"96 logical, 96 physical, 2 sockets",facebook/dinov2-large,ILSVRC/imagenet-1k,cpu,bfloat16,disabled,,,4,256,16,,,5,42,12 per replica,disabled,,,,,,0.1000,95,1,,interactive,100,5,30,5,8,slow,disabled,,cpu,,"0-23,48-71, split between replicas",,,,,,,,,,0,,,,,,,,,,,,,,,,,,,,,,0,,,,,,,0,,,,,,,,,,,,SLA unmet at every level tried; this cell cannot serve a single user inside the budget,,,,,,,,,,,,,,,,,,,,,,,,,,,,,,,,,,,,,,,,,,,,,,,,,,,,yes,logged,,,,server_vit_facebook_dinov2-large_interactive_20261005_193546.txt
server_vit_benchmark,diffusers,20261005_193849,SR630 V4,6740P,L4,ThinkSystem SR630 V4,Intel(R) Xeon(R) 6740P,NVIDIA L4 x2,"96 logical, 96 physical, 2 sockets",facebook/dinov2-large,ILSVRC/imagenet-1k,cpu,bfloat16,disabled,,,4,256,16,,,5,42,16 per replica,disabled,,,,,,0.1000,95,1,,interactive,100,5,30,5,8,slow,disabled,,cpu,,"0-31,48-79, split between replicas",,,,,,,,,,769,,,25.633,,,,,,,,,,,67.589,0.0676,,,,,,,26.91,,,,,0.334,,136.4,1.8,28.7,55.6,136.4,270.9,,,,1.82,,,,,769,,62.03,,99.59,170.69,187.97,,1.06,2,0.703,0.999,76.74,inference,,,,,1.57,6.87,5.94,83.80,,,,,,,,120,,,,96,0.37,,,,0.92,37.2,23.6,1.33,84,,,,,,,,yes,logged,769,,25.633,server_vit_facebook_dinov2-large_interactive_20261005_193849.txt
server_vit_benchmark,diffusers,20261005_194306,SR630 V4,6740P,L4,ThinkSystem SR630 V4,Intel(R) Xeon(R) 6740P,NVIDIA L4 x2,"96 logical, 96 physical, 2 sockets",facebook/dinov2-large,ILSVRC/imagenet-1k,cpu,bfloat16,disabled,,,6,256,16,,,5,42,12 per replica,disabled,,,,,,0.1000,95,1,,interactive,100,5,30,5,8,slow,disabled,,cpu,,"0-35,48-83, split between replicas",,,,,,,,,,0,,,,,,,,,,,,,,,,,,,,,,0,,,,,,,0,,,,,,,,,,,,SLA unmet at every level tried; this cell cannot serve a single user inside the budget,,,,,,,,,,,,,,,,,,,,,,,,,,,,,,,,,,,,,,,,,,,,,,,,,,,,yes,logged,,,,server_vit_facebook_dinov2-large_interactive_20261005_194306.txt
server_vit_benchmark,diffusers,20261005_194610,SR630 V4,6740P,L4,ThinkSystem SR630 V4,Intel(R) Xeon(R) 6740P,NVIDIA L4 x2,"96 logical, 96 physical, 2 sockets",facebook/dinov2-giant,ILSVRC/imagenet-1k,cpu,bfloat16,disabled,,,,256,16,,,5,42,8,disabled,,,,,,0.5000,95,1,,interactive,500,5,30,5,8,slow,disabled,,,,,,,,,,,,,,59,,,1.967,,,,,,,,,,,269.145,0.2691,,,,,,,1.92,,,,,0.344,,10.1,0.5,2.4,4.3,10.1,19.7,,,,0.52,,,,,59,,194.58,,487.86,686.89,719.13,,1.31,3,1.284,1.147,5.72,inference,,,,,1.23,6.35,169.38,321.69,,,,,,,,119,,,,96,2.81,,,,8.06,280.5,2.9,3.68,66,,,,,,,,yes,logged,59,,1.967,server_vit_facebook_dinov2-giant_interactive_20261005_194610.txt
server_vit_benchmark,diffusers,20261005_195106,SR630 V4,6740P,L4,ThinkSystem SR630 V4,Intel(R) Xeon(R) 6740P,NVIDIA L4 x2,"96 logical, 96 physical, 2 sockets",facebook/dinov2-giant,ILSVRC/imagenet-1k,cpu,bfloat16,disabled,,,,256,16,,,5,42,12,disabled,,,,,,0.5000,95,1,,interactive,500,5,30,5,8,slow,disabled,,,,,,,,,,,,,,68,,,2.267,,,,,,,,,,,230.673,0.2307,,,,,,,2.28,,,,,0.327,,11.9,0.5,2.8,5.1,11.9,23.3,,,,0.53,,,,,68,,153.35,,489.10,618.37,642.83,,1.32,4,0.862,1.002,6.93,inference,,,,,1.06,6.58,204.21,392.23,,,,,,,,115,,,,96,4.18,,,,12.04,417.7,4.4,3.65,74,,,,,,,,yes,logged,68,,2.267,server_vit_facebook_dinov2-giant_interactive_20261005_195106.txt
server_vit_benchmark,diffusers,20261005_195520,SR630 V4,6740P,L4,ThinkSystem SR630 V4,Intel(R) Xeon(R) 6740P,NVIDIA L4 x2,"96 logical, 96 physical, 2 sockets",facebook/dinov2-giant,ILSVRC/imagenet-1k,cpu,bfloat16,disabled,,,2,256,16,,,5,42,8 per replica,disabled,,,,,,0.5000,95,1,,interactive,500,5,30,5,8,slow,disabled,,cpu,,"0-7,48-55, split between replicas",,,,,,,,,,169,,,5.633,,,,,,,,,,,248.152,0.2482,,,,,,,5.91,,,,,0.482,,31.0,1.5,7.4,13.3,31.0,60.5,,,,1.47,,,,,169,,195.44,,456.56,562.70,606.38,,1.32,4,0.818,1.002,11.70,inference,,,,,1.63,6.76,132.74,368.17,,,,,,,,120,,,,96,0.08,,,,0.40,8.0,8.1,1.23,77,,,,,,,,yes,logged,169,,5.633,server_vit_facebook_dinov2-giant_interactive_20261005_195520.txt
server_vit_benchmark,diffusers,20261005_195905,SR630 V4,6740P,L4,ThinkSystem SR630 V4,Intel(R) Xeon(R) 6740P,NVIDIA L4 x2,"96 logical, 96 physical, 2 sockets",facebook/dinov2-giant,ILSVRC/imagenet-1k,cpu,bfloat16,disabled,,,2,256,16,,,5,42,12 per replica,disabled,,,,,,0.5000,95,1,,interactive,500,5,30,5,8,slow,disabled,,cpu,,"0-11,48-59, split between replicas",,,,,,,,,,301,,,10.033,,,,,,,,,,,262.928,0.2629,,,,,,,11.31,,,,,0.681,,59.5,3.0,14.3,25.6,59.5,116.1,,,,2.97,,,,,301,,178.40,,476.94,649.66,701.27,,1.70,5,0.971,0.903,14.72,inference,,,,,1.37,6.50,130.82,356.44,,,,,,,,120,,,,96,0.13,,,,0.40,13.0,17.2,1.27,78,,,,,,,,yes,logged,301,,10.033,server_vit_facebook_dinov2-giant_interactive_20261005_195905.txt
server_vit_benchmark,diffusers,20261005_200252,SR630 V4,6740P,L4,ThinkSystem SR630 V4,Intel(R) Xeon(R) 6740P,NVIDIA L4 x2,"96 logical, 96 physical, 2 sockets",facebook/dinov2-giant,ILSVRC/imagenet-1k,cpu,bfloat16,disabled,,,4,256,16,,,5,42,8 per replica,disabled,,,,,,0.5000,95,1,,interactive,500,5,30,5,8,slow,disabled,,cpu,,"0-15,48-63, split between replicas",,,,,,,,,,437,,,14.567,,,,,,,,,,,261.289,0.2613,,,,,,,15.32,,,,,0.633,,80.6,4.0,19.3,34.6,80.6,157.2,,,,4.00,,,,,437,,200.04,,484.24,659.30,779.69,,1.45,5,1.103,1.004,23.03,inference,,,,,1.36,7.07,85.39,435.07,,,,,,,,120,,,,96,0.20,,,,0.52,19.8,21.6,1.27,82,,,,,,,,yes,logged,437,,14.567,server_vit_facebook_dinov2-giant_interactive_20261005_200252.txt
server_vit_benchmark,diffusers,20261005_203011,SR630 V4,6740P,L4,ThinkSystem SR630 V4,Intel(R) Xeon(R) 6740P,NVIDIA L4 x2,"96 logical, 96 physical, 2 sockets",google/vit-base-patch16-224,ILSVRC/imagenet-1k,cpu,bfloat16,disabled,,,8,256,16,,,5,42,8 per replica,disabled,,,,,,0.1000,95,1,,interactive,100,5,30,5,8,slow,disabled,,cpu,,"0-31,48-79, split between replicas",,,,,,,,,,0,,,,,,,,,,,,,,,,,,,,,,0,,,,,,,0,,,,,,,,,,,,SLA unmet at every level tried; this cell cannot serve a single user inside the budget,,,,,,,,,,,,,,,,,,,,,,,,,,,,,,,,,,,,,,,,,,,,,,,,,,,,yes,logged,,,,server_vit_google_vit-base-patch16-224_interactive_20261005_203011.txt
server_vit_benchmark,diffusers,20261005_203208,SR630 V4,6740P,L4,ThinkSystem SR630 V4,Intel(R) Xeon(R) 6740P,NVIDIA L4 x2,"96 logical, 96 physical, 2 sockets",google/vit-base-patch16-224,ILSVRC/imagenet-1k,cpu,bfloat16,disabled,,,8,256,16,,,5,42,8 per replica,disabled,,,,,,0.1000,95,1,,interactive,100,5,30,5,8,slow,disabled,,cpu,,"0-31,48-79, split between replicas",,,,,,,,,,6037,,,201.233,,,,,,,,,,,40.123,0.0401,,,,,5025,0.8324,200.00,,,,,0.523,,1008.0,8.0,208.0,408.0,1008.0,2008.0,,,,8.02,,,,,6037,,35.05,,61.64,94.69,158.44,,1.45,4,1.039,0.991,384.52,inference,,,,,1.49,12.75,6.49,46.06,,,,,,,,119,,,,96,2.44,,,,3.18,244.2,38.1,1.55,95,,,,,,,,yes,logged,6037,,201.233,server_vit_google_vit-base-patch16-224_interactive_20261005_203208.txt
server_vit_benchmark,diffusers,20261005_203406,SR630 V4,6740P,L4,ThinkSystem SR630 V4,Intel(R) Xeon(R) 6740P,NVIDIA L4 x2,"96 logical, 96 physical, 2 sockets",google/vit-base-patch16-224,ILSVRC/imagenet-1k,cpu,bfloat16,disabled,,,8,256,16,,,5,42,8 per replica,disabled,,,,,,0.1000,95,1,,interactive,100,5,30,5,8,slow,disabled,,cpu,,"0-31,48-79, split between replicas",,,,,,,,,,9026,,,300.867,,,,,,,,,,,48.769,0.0488,,,,,7508,0.8318,300.00,,,,,0.679,,1514.6,14.6,314.6,614.6,1514.6,3014.6,,,,14.63,,,,,9026,,44.63,,85.05,104.23,180.43,,2.32,8,0.981,0.995,443.17,inference,,,,,1.44,11.72,7.11,71.54,,,,,,,,119,,,,96,3.09,,,,3.58,309.4,49.3,1.55,95,,,,,,,,yes,logged,9026,,300.867,server_vit_google_vit-base-patch16-224_interactive_20261005_203406.txt
server_vit_benchmark,diffusers,20261005_203603,SR630 V4,6740P,L4,ThinkSystem SR630 V4,Intel(R) Xeon(R) 6740P,NVIDIA L4 x2,"96 logical, 96 physical, 2 sockets",google/vit-base-patch16-224,ILSVRC/imagenet-1k,cpu,bfloat16,disabled,,,8,256,16,,,5,42,8 per replica,disabled,,,,,,0.1000,95,1,,interactive,100,5,30,5,8,slow,disabled,,cpu,,"0-31,48-79, split between replicas",,,,,,,,,,9026,,,300.867,,,,,,,,,,,45.989,0.0460,,,,,7508,0.8318,300.00,,,,,0.674,,1513.8,13.8,313.8,613.8,1513.8,3013.8,,,,13.80,,,,,9026,,42.69,,80.57,97.91,132.67,,2.21,5,0.998,1.003,446.56,inference,,,,,1.25,8.75,6.84,66.50,,,,,,,,120,,,,96,2.96,,,,3.46,296.2,49.9,1.58,95,,,,,,,,yes,logged,9026,,300.867,server_vit_google_vit-base-patch16-224_interactive_20261005_203603.txt
server_vit_benchmark,diffusers,20261005_203759,SR630 V4,6740P,L4,ThinkSystem SR630 V4,Intel(R) Xeon(R) 6740P,NVIDIA L4 x2,"96 logical, 96 physical, 2 sockets",google/vit-base-patch16-224,ILSVRC/imagenet-1k,cpu,bfloat16,disabled,,,8,256,16,,,5,42,8 per replica,disabled,,,,,,0.1000,95,1,,interactive,100,5,30,5,8,slow,disabled,,cpu,,"0-31,48-79, split between replicas",,,,,,,,,,9026,,,300.867,,,,,,,,,,,45.836,0.0458,,,,,7508,0.8318,300.00,,,,,0.675,,1513.8,13.8,313.8,613.8,1513.8,3013.8,,,,13.75,,,,,9026,,42.59,,78.76,101.08,166.07,,2.20,6,0.973,1.011,445.82,inference,,,,,1.25,8.13,6.83,64.85,,,,,,,,119,,,,96,2.95,,,,3.35,294.8,50.0,1.55,95,,,,,,,,yes,logged,9026,,300.867,server_vit_google_vit-base-patch16-224_interactive_20261005_203759.txt
server_vit_benchmark,diffusers,20261005_203956,SR630 V4,6740P,L4,ThinkSystem SR630 V4,Intel(R) Xeon(R) 6740P,NVIDIA L4 x2,"96 logical, 96 physical, 2 sockets",google/vit-large-patch16-224,ILSVRC/imagenet-1k,cpu,bfloat16,disabled,,,4,256,16,,,5,42,16 per replica,disabled,,,,,,0.1000,95,1,,interactive,100,5,30,5,8,slow,disabled,,cpu,,"0-31,48-79, split between replicas",,,,,,,,,,0,,,,,,,,,,,,,,,,,,,,,,0,,,,,,,0,,,,,,,,,,,,SLA unmet at every level tried; this cell cannot serve a single user inside the budget,,,,,,,,,,,,,,,,,,,,,,,,,,,,,,,,,,,,,,,,,,,,,,,,,,,,yes,logged,,,,server_vit_google_vit-large-patch16-224_interactive_20261005_203956.txt
server_vit_benchmark,diffusers,20261005_204154,SR630 V4,6740P,L4,ThinkSystem SR630 V4,Intel(R) Xeon(R) 6740P,NVIDIA L4 x2,"96 logical, 96 physical, 2 sockets",google/vit-large-patch16-224,ILSVRC/imagenet-1k,cpu,bfloat16,disabled,,,4,256,16,,,5,42,16 per replica,disabled,,,,,,0.1000,95,1,,interactive,100,5,30,5,8,slow,disabled,,cpu,,"0-31,48-79, split between replicas",,,,,,,,,,460,,,15.333,,,,,,,,,,,71.503,0.0715,,,,,382,0.8304,16.00,,,,,0.233,,81.1,1.1,17.1,33.1,81.1,161.1,,,,1.14,,,,,460,,69.75,,80.43,102.83,166.56,,1.00,1,0.956,0.991,65.76,inference,,,,,1.43,5.91,5.80,66.74,,,,,,,,119,,,,96,0.21,,,,0.52,21.1,8.5,1.21,82,,,,,,,,yes,logged,460,,15.333,server_vit_google_vit-large-patch16-224_interactive_20261005_204154.txt
server_vit_benchmark,diffusers,20261005_204351,SR630 V4,6740P,L4,ThinkSystem SR630 V4,Intel(R) Xeon(R) 6740P,NVIDIA L4 x2,"96 logical, 96 physical, 2 sockets",google/vit-large-patch16-224,ILSVRC/imagenet-1k,cpu,bfloat16,disabled,,,4,256,16,,,5,42,16 per replica,disabled,,,,,,0.1000,95,1,,interactive,100,5,30,5,8,slow,disabled,,cpu,,"0-31,48-79, split between replicas",,,,,,,,,,910,,,30.333,,,,,,,,,,,55.141,0.0551,,,,,761,0.8363,32.00,,,,,0.318,,161.8,1.8,33.8,65.8,161.8,321.8,,,,1.76,,,,,910,,51.77,,74.08,142.37,190.94,,1.07,2,1.046,0.995,95.35,inference,,,,,1.50,5.57,6.00,62.96,,,,,,,,120,,,,96,0.41,,,,0.88,40.7,22.9,1.27,83,,,,,,,,yes,logged,910,,30.333,server_vit_google_vit-large-patch16-224_interactive_20261005_204351.txt
server_vit_benchmark,diffusers,20261005_204549,SR630 V4,6740P,L4,ThinkSystem SR630 V4,Intel(R) Xeon(R) 6740P,NVIDIA L4 x2,"96 logical, 96 physical, 2 sockets",google/vit-large-patch16-224,ILSVRC/imagenet-1k,cpu,bfloat16,disabled,,,4,256,16,,,5,42,16 per replica,disabled,,,,,,0.1000,95,1,,interactive,100,5,30,5,8,slow,disabled,,cpu,,"0-31,48-79, split between replicas",,,,,,,,,,910,,,30.333,,,,,,,,,,,55.630,0.0556,,,,,761,0.8363,32.00,,,,,0.321,,161.8,1.8,33.8,65.8,161.8,321.8,,,,1.78,,,,,910,,51.93,,76.60,141.40,166.61,,1.07,1,1.021,0.998,94.48,inference,,,,,1.68,5.66,6.00,66.77,,,,,,,,120,,,,96,0.40,,,,0.80,40.3,23.2,1.28,83,,,,,,,,yes,logged,910,,30.333,server_vit_google_vit-large-patch16-224_interactive_20261005_204549.txt
server_vit_benchmark,diffusers,20261005_204747,SR630 V4,6740P,L4,ThinkSystem SR630 V4,Intel(R) Xeon(R) 6740P,NVIDIA L4 x2,"96 logical, 96 physical, 2 sockets",google/vit-large-patch16-224,ILSVRC/imagenet-1k,cpu,bfloat16,disabled,,,4,256,16,,,5,42,16 per replica,disabled,,,,,,0.1000,95,1,,interactive,100,5,30,5,8,slow,disabled,,cpu,,"0-31,48-79, split between replicas",,,,,,,,,,910,,,30.333,,,,,,,,,,,56.633,0.0566,,,,,761,0.8363,32.00,,,,,0.323,,161.8,1.8,33.8,65.8,161.8,321.8,,,,1.81,,,,,910,,51.33,,91.25,151.93,159.09,,1.07,2,1.113,0.999,93.86,inference,,,,,1.43,5.34,6.03,67.73,,,,,,,,119,,,,96,0.40,,,,0.76,39.8,23.2,1.30,83,,,,,,,,yes,logged,910,,30.333,server_vit_google_vit-large-patch16-224_interactive_20261005_204747.txt
server_vit_benchmark,diffusers,20261005_204944,SR630 V4,6740P,L4,ThinkSystem SR630 V4,Intel(R) Xeon(R) 6740P,NVIDIA L4 x2,"96 logical, 96 physical, 2 sockets",facebook/dinov2-large,ILSVRC/imagenet-1k,cpu,bfloat16,disabled,,,4,256,16,,,5,42,16 per replica,disabled,,,,,,0.1000,95,1,,interactive,100,5,30,5,8,slow,disabled,,cpu,,"0-31,48-79, split between replicas",,,,,,,,,,0,,,,,,,,,,,,,,,,,,,,,,0,,,,,,,0,,,,,,,,,,,,SLA unmet at every level tried; this cell cannot serve a single user inside the budget,,,,,,,,,,,,,,,,,,,,,,,,,,,,,,,,,,,,,,,,,,,,,,,,,,,,yes,logged,,,,server_vit_facebook_dinov2-large_interactive_20261005_204944.txt
server_vit_benchmark,diffusers,20261005_205141,SR630 V4,6740P,L4,ThinkSystem SR630 V4,Intel(R) Xeon(R) 6740P,NVIDIA L4 x2,"96 logical, 96 physical, 2 sockets",facebook/dinov2-large,ILSVRC/imagenet-1k,cpu,bfloat16,disabled,,,4,256,16,,,5,42,16 per replica,disabled,,,,,,0.1000,95,1,,interactive,100,5,30,5,8,slow,disabled,,cpu,,"0-31,48-79, split between replicas",,,,,,,,,,325,,,10.833,,,,,,,,,,,84.268,0.0843,,,,,,,12.00,,,,,0.196,,61.0,1.0,13.0,25.0,61.0,121.0,,,,1.01,,,,,325,,82.51,,93.92,105.18,182.17,,1.01,1,0.938,0.994,55.15,inference,,,,,1.76,7.93,5.58,77.02,,,,,,,,119,,,,96,0.16,,,,0.44,16.2,7.3,1.23,81,,,,,,,,yes,logged,325,,10.833,server_vit_facebook_dinov2-large_interactive_20261005_205141.txt
server_vit_benchmark,diffusers,20261005_205338,SR630 V4,6740P,L4,ThinkSystem SR630 V4,Intel(R) Xeon(R) 6740P,NVIDIA L4 x2,"96 logical, 96 physical, 2 sockets",facebook/dinov2-large,ILSVRC/imagenet-1k,cpu,bfloat16,disabled,,,4,256,16,,,5,42,16 per replica,disabled,,,,,,0.1000,95,1,,interactive,100,5,30,5,8,slow,disabled,,cpu,,"0-31,48-79, split between replicas",,,,,,,,,,685,,,22.833,,,,,,,,,,,63.116,0.0631,,,,,,,24.00,,,,,0.283,,121.5,1.5,25.5,49.5,121.5,241.5,,,,1.51,,,,,685,,59.69,,72.35,159.61,171.96,,1.04,2,1.033,1.005,80.65,inference,,,,,1.33,6.80,5.95,51.84,,,,,,,,119,,,,96,0.34,,,,0.80,33.9,20.2,1.32,83,,,,,,,,yes,logged,685,,22.833,server_vit_facebook_dinov2-large_interactive_20261005_205338.txt
server_vit_benchmark,diffusers,20261005_205535,SR630 V4,6740P,L4,ThinkSystem SR630 V4,Intel(R) Xeon(R) 6740P,NVIDIA L4 x2,"96 logical, 96 physical, 2 sockets",facebook/dinov2-large,ILSVRC/imagenet-1k,cpu,bfloat16,disabled,,,4,256,16,,,5,42,16 per replica,disabled,,,,,,0.1000,95,1,,interactive,100,5,30,5,8,slow,disabled,,cpu,,"0-31,48-79, split between replicas",,,,,,,,,,685,,,22.833,,,,,,,,,,,63.738,0.0637,,,,,,,24.00,,,,,0.286,,121.5,1.5,25.5,49.5,121.5,241.5,,,,1.53,,,,,685,,60.49,,73.44,158.56,182.07,,1.04,1,1.038,0.998,79.73,inference,,,,,1.42,6.94,5.99,51.89,,,,,,,,119,,,,96,0.34,,,,0.76,33.6,20.5,1.32,83,,,,,,,,yes,logged,685,,22.833,server_vit_facebook_dinov2-large_interactive_20261005_205535.txt
server_vit_benchmark,diffusers,20261005_205732,SR630 V4,6740P,L4,ThinkSystem SR630 V4,Intel(R) Xeon(R) 6740P,NVIDIA L4 x2,"96 logical, 96 physical, 2 sockets",facebook/dinov2-large,ILSVRC/imagenet-1k,cpu,bfloat16,disabled,,,4,256,16,,,5,42,16 per replica,disabled,,,,,,0.1000,95,1,,interactive,100,5,30,5,8,slow,disabled,,cpu,,"0-31,48-79, split between replicas",,,,,,,,,,685,,,22.833,,,,,,,,,,,62.653,0.0627,,,,,,,24.00,,,,,0.282,,121.5,1.5,25.5,49.5,121.5,241.5,,,,1.50,,,,,685,,59.65,,71.19,159.20,183.30,,1.03,2,1.022,1.002,81.03,inference,,,,,1.42,6.86,5.94,50.77,,,,,,,,119,,,,96,0.33,,,,0.80,33.4,20.2,1.27,82,,,,,,,,yes,logged,685,,22.833,server_vit_facebook_dinov2-large_interactive_20261005_205732.txt
server_dit_benchmark,diffusers,20261006_021856,SR630 V4,6740P,L4,ThinkSystem SR630 V4,Intel(R) Xeon(R) 6740P,NVIDIA L4 x2,"96 logical, 96 physical, 2 sockets",Efficient-Large-Model/Sana_600M_1024px_diffusers,byliutao/coco2014val_10k (prompts),cpu,bfloat16,disabled,,,2,,1,1024x1024,20,,42,48,enabled,torch.compile on the transformer submodule,,,,,30,95,1,,interactive,,30,,0,,,,,cpu,,0-95,30,10,5,2,enabled,diffusers,,,,0,,,0.18979,,,,,,,,,,none,19695.8,19.6958,,,,,,,0.19934,11.960,717.6,0.850,14.227,0.841,18603.1,9.9,3.9,,,,,6.9,9.9,15.9,3.93,0.18347,96.7,,,30,0,21294.5,27689.5,27901.1,29430.7,30042.4,19636.3,1.00,6,0.856,,,,0.23451,8.5283,8.837,0.0005,2.9,,19256.4,8728.9,0.7,1168.8,3802.0,3460.5,3.5,,,157,8.46,,,,,76.56,96.00,,,,79.7,,,,,,,,,,yes,logged,,,0.18979,server_dit_Efficient-Large-Model_Sana_600M_1024px_diffusers_bfloat16_cpu2r_20261006_021856.txt
server_vit_benchmark,diffusers,20261006_024958,SR630 V4,6740P,L4,ThinkSystem SR630 V4,Intel(R) Xeon(R) 6740P,NVIDIA L4 x2,"96 logical, 96 physical, 2 sockets",google/vit-base-patch16-224,ILSVRC/imagenet-1k,cpu,bfloat16,disabled,,,4,256,8,,,5,42,16 per replica,disabled,,,,,,0.1000,95,1,,interactive,100,5,30,5,8,slow,disabled,,cpu,,"0-31,48-79, split between replicas",,,,,,,,,,0,,,,,,,,,,,,,,,,,,,,,,0,,,,,,,0,,,,,,,,,,,,SLA unmet at every level tried; this cell cannot serve a single user inside the budget,,,,,,,,,,,,,,,,,,,,,,,,,,,,,,,,,,,,,,,,,,,,,,,,,,,,yes,logged,,,,server_vit_google_vit-base-patch16-224_interactive_20261006_024958.txt
server_vit_benchmark,diffusers,20261006_025436,SR630 V4,6740P,L4,ThinkSystem SR630 V4,Intel(R) Xeon(R) 6740P,NVIDIA L4 x2,"96 logical, 96 physical, 2 sockets",google/vit-base-patch16-224,ILSVRC/imagenet-1k,cpu,bfloat16,disabled,,,4,256,8,,,5,42,16 per replica,disabled,,,,,,0.1000,95,1,,interactive,100,5,30,5,8,slow,disabled,,cpu,,"0-47,48-95, split between replicas",,,,,,,,,,9611,,,320.367,,,,,,,,,,,71.348,0.0713,,,,,7962,0.8284,317.92,,,,,0.879,,1612.3,22.7,340.6,658.5,1612.3,3201.8,,,,22.68,,,,,9611,,74.03,,98.37,108.74,148.99,,5.78,15,1.012,1.031,364.66,inference,,,,,1.65,11.37,23.65,70.18,,,,,,,,119,,,,96,2.45,,,,3.07,245.2,60.1,2.30,87,,,,,,,,yes,logged,9611,,320.367,server_vit_google_vit-base-patch16-224_interactive_20261006_025436.txt
server_vit_benchmark,diffusers,20261006_030117,SR630 V4,6740P,L4,ThinkSystem SR630 V4,Intel(R) Xeon(R) 6740P,NVIDIA L4 x2,"96 logical, 96 physical, 2 sockets",microsoft/swin-base-patch4-window7-224,ILSVRC/imagenet-1k,cpu,bfloat16,disabled,,,4,256,8,,,5,42,16 per replica,disabled,,,,,,0.1000,95,1,,interactive,100,5,120,5,8,slow,disabled,,cpu,,"0-47,48-95, split between replicas",,,,,,,,,,12910,,,107.583,,,,,,,,,,,64.721,0.0647,,,,,11144,0.8632,107.63,,,,,0.727,,545.1,7.0,114.6,222.2,545.1,1083.3,,,,6.97,,,,,12910,,59.06,,100.00,131.21,453.62,,2.30,22,1.030,1.000,147.99,inference,,,,,1.20,8.36,20.19,74.86,,,,,,,,477,,,,96,1.26,,,,1.97,125.6,51.4,1.53,87,,,,,,,,yes,logged,12910,,107.583,server_vit_microsoft_swin-base-patch4-window7-224_interactive_20261006_030117.txt
server_vit_benchmark,diffusers,20261006_032014,SR630 V4,6740P,L4,ThinkSystem SR630 V4,Intel(R) Xeon(R) 6740P,NVIDIA L4 x2,"96 logical, 96 physical, 2 sockets",facebook/dinov2-base,ILSVRC/imagenet-1k,cpu,bfloat16,disabled,,,4,256,8,,,5,42,16 per replica,disabled,,,,,,0.1000,95,1,,interactive,100,5,120,5,8,slow,disabled,,cpu,,"0-47,48-95, split between replicas",,,,,,,,,,23826,,,198.550,,,,,,,,,,,57.589,0.0576,,,,,,,197.40,,,,,0.755,,998.4,11.4,208.8,406.2,998.4,1985.4,,,,11.37,,,,,23826,,51.39,,99.62,116.28,332.24,,3.26,15,1.046,1.027,262.92,inference,,,,,1.34,10.41,17.77,79.60,,,,,,,,478,,,,96,2.13,,,,2.79,212.8,53.9,1.60,87,,,,,,,,yes,logged,23826,,198.550,server_vit_facebook_dinov2-base_interactive_20261006_032014.txt
server_vit_benchmark,diffusers,20261006_034115,SR630 V4,6740P,L4,ThinkSystem SR630 V4,Intel(R) Xeon(R) 6740P,NVIDIA L4 x2,"96 logical, 96 physical, 2 sockets",facebook/dinov2-large,ILSVRC/imagenet-1k,cpu,bfloat16,disabled,,,4,256,8,,,5,42,16 per replica,disabled,,,,,,0.1000,95,1,,interactive,100,5,120,5,8,slow,disabled,,cpu,,"0-47,48-95, split between replicas",,,,,,,,,,2788,,,23.233,,,,,,,,,,,66.005,0.0660,,,,,,,23.63,,,,,0.296,,119.7,1.6,25.2,48.8,119.7,237.9,,,,1.56,,,,,2788,,61.23,,80.34,167.35,226.33,,1.05,2,0.976,0.991,78.40,inference,,,,,1.57,7.39,6.00,53.35,,,,,,,,478,,,,96,0.35,,,,1.00,35.0,21.0,1.43,86,,,,,,,,yes,logged,2788,,23.233,server_vit_facebook_dinov2-large_interactive_20261006_034115.txt
server_vit_benchmark,diffusers,20261006_035602,SR630 V4,6740P,L4,ThinkSystem SR630 V4,Intel(R) Xeon(R) 6740P,NVIDIA L4 x2,"96 logical, 96 physical, 2 sockets",google/vit-large-patch16-224,ILSVRC/imagenet-1k,cpu,bfloat16,disabled,,,4,256,8,,,5,42,16 per replica,disabled,,,,,,0.1000,95,1,,interactive,100,5,120,5,8,slow,disabled,,cpu,,"0-47,48-95, split between replicas",,,,,,,,,,3456,,,28.800,,,,,,,,,,,59.263,0.0593,,,,,2892,0.8368,29.34,,,,,0.319,,148.5,1.7,31.1,60.4,148.5,295.2,,,,1.74,,,,,3456,,53.79,,84.66,170.98,232.59,,1.07,3,1.355,1.009,90.27,inference,,,,,1.51,6.24,6.04,68.73,,,,,,,,479,,,,96,0.40,,,,0.92,40.4,22.8,1.44,87,,,,,,,,yes,logged,3456,,28.800,server_vit_google_vit-large-patch16-224_interactive_20261006_035602.txt
server_dit_benchmark,diffusers,20261006_125015,SR630 V4,6740P,L4,ThinkSystem SR630 V4,Intel(R) Xeon(R) 6740P,NVIDIA L4 x2,"96 logical, 96 physical, 2 sockets",Efficient-Large-Model/Sana_600M_1024px_diffusers,byliutao/coco2014val_10k (prompts),cpu,bfloat16,disabled,,,2,,1,1024x1024,20,,42,48,enabled,torch.compile on the transformer submodule,,,,,30,95,1,,interactive,,30,,0,,,,,cpu,,0-95,30,10,5,2,enabled,diffusers,,,,0,,,0.18583,,,,,,,,,,none,21082.7,21.0827,,,,,,,0.19477,11.686,701.2,0.850,13.695,0.853,20504.6,9.9,4.1,,,,,7.0,9.9,15.8,4.11,0.17963,96.7,,,30,0,22322.0,28820.3,29044.4,31462.3,32448.7,20117.7,1.00,6,0.893,,,,0.22915,8.7281,9.483,0.0024,3.0,,20088.2,9104.8,0.7,1340.7,3771.5,3646.5,3.5,,,161,8.34,,,,,76.43,96.00,,,,79.6,,,,,,,,,,yes,logged,,,0.18583,server_dit_Efficient-Large-Model_Sana_600M_1024px_diffusers_bfloat16_cpu2r_20261006_125015.txt
server_dit_benchmark,diffusers,20261006_131329,SR630 V4,6740P,L4,ThinkSystem SR630 V4,Intel(R) Xeon(R) 6740P,NVIDIA L4 x2,"96 logical, 96 physical, 2 sockets",Efficient-Large-Model/Sana_Sprint_0.6B_1024px_diffusers,byliutao/coco2014val_10k (prompts),cpu,bfloat16,disabled,,,2,,1,1024x1024,4,,42,48,enabled,torch.compile on the transformer submodule,,,,,30,95,1,,interactive,,30,,0,,,,,cpu,,0-95,30,10,5,2,enabled,diffusers,,,,0,,,0.35940,,,,,,,,,,none,13823.9,13.8239,,,,,,,0.37838,22.703,1362.2,0.922,24.587,0.923,19006.6,16.6,5.2,,,,,10.9,16.6,27.9,5.23,0.35940,100.0,,,30,0,15322.7,18248.9,18666.4,18905.9,18984.0,18685.6,1.00,6,0.960,,,,0.41041,4.8732,5.001,0.0004,3.1,,13635.0,5027.2,0.7,628.5,591.4,3657.5,3.2,,,84,8.47,,,,,75.05,94.94,,,,78.2,,,,,,,,,,yes,logged,,,0.35940,server_dit_Efficient-Large-Model_Sana_Sprint_0.6B_1024px_diffusers_bfloat16_cpu2r_20261006_131329.txt
server_dit_benchmark,diffusers,20261006_132921,SR630 V4,6740P,L4,ThinkSystem SR630 V4,Intel(R) Xeon(R) 6740P,NVIDIA L4 x2,"96 logical, 96 physical, 2 sockets",Efficient-Large-Model/Sana_Sprint_1.6B_1024px_diffusers,byliutao/coco2014val_10k (prompts),cpu,bfloat16,disabled,,,2,,1,1024x1024,4,,42,48,enabled,torch.compile on the transformer submodule,,,,,30,95,1,,interactive,,30,,0,,,,,cpu,,0-95,30,10,5,2,enabled,diffusers,,,,0,,,0.28762,,,,,,,,,,none,17169.3,17.1693,,,,,,,0.30147,18.088,1085.3,0.922,19.599,0.923,24329.3,14.2,5.2,,,,,9.7,14.2,23.3,5.18,0.28762,100.0,,,30,0,18948.3,22963.1,23563.1,25222.1,25792.8,23909.6,1.00,6,0.909,,,,0.32699,6.1165,7.628,0.0267,3.4,,17742.9,7818.2,0.7,508.0,2067.3,3544.2,3.4,,,104,10.41,,,,,79.65,94.56,,,,83.0,,,,,,,,,,yes,logged,,,0.28762,server_dit_Efficient-Large-Model_Sana_Sprint_1.6B_1024px_diffusers_bfloat16_cpu2r_20261006_132921.txt
server_dit_benchmark,diffusers,20261006_142044,SR630 V4,6740P,L4,ThinkSystem SR630 V4,Intel(R) Xeon(R) 6740P,NVIDIA L4 x2,"96 logical, 96 physical, 2 sockets",PixArt-alpha/PixArt-Sigma-XL-2-1024-MS,byliutao/coco2014val_10k (prompts),cpu,bfloat16,disabled,,,2,,1,1024x1024,20,,42,48,enabled,torch.compile on the transformer submodule,,,,,30,95,1,,interactive,,30,,0,,,,,cpu,,0-95,30,10,5,2,enabled,diffusers,,,,0,,,,,,,,,,,,,,,,,,,,,,0,0,,,,,,0,,,,,,,,,,,,SLA unmet at every level tried,,,,,,,,,,,,,,,,0.07087,28.2212,29.433,0.0007,,,,,,,,,,,,,19.35,,,,,,,,,,,,,,,,,,,,yes,logged,,,,server_dit_PixArt-alpha_PixArt-Sigma-XL-2-1024-MS_bfloat16_cpu2r_20261006_142044.txt
server_dit_benchmark,diffusers,20261006_153350,SR630 V4,6740P,L4,ThinkSystem SR630 V4,Intel(R) Xeon(R) 6740P,NVIDIA L4 x2,"96 logical, 96 physical, 2 sockets",stabilityai/stable-diffusion-3.5-medium,byliutao/coco2014val_10k (prompts),cpu,bfloat16,disabled,,,2,,1,1024x1024,20,,42,48,enabled,torch.compile on the transformer submodule,,,,,30,95,1,,interactive,,30,,0,,,,,cpu,,0-95,30,10,5,2,enabled,diffusers,,,,0,,,,,,,,,,,,,,,,,,,,,,0,0,,,,,,0,,,,,,,,,,,,SLA unmet at every level tried,"calibration p95 service time 67.74 s already exceeds the 30 s SLA, so no arrival rate can pass (--force-sweep to measure anyway)",,,,,,,,,,,,,,,0.03067,65.2007,67.741,0.0005,,,,,,,,,,,,,18.66,,,,,,,,,,,,,,,,,,,,yes,logged,,,,server_dit_stabilityai_stable-diffusion-3.5-medium_bfloat16_cpu2r_20261006_153350.txt
