script,runtime,timestamp,server,cpu,gpu,server_sku,cpu_sku,gpu_sku,cpu_cores,model,dataset,mode,device,devices,dtype,quant,quant_detail,precision,tf32,samples,batch_size,batch_sizes_swept,replicas,replicas_swept,precisions_swept,resolution,steps,warmup,seed,threads,cpu_bind,compile,compile_detail,cpu_offload,batched,loaded_dtype,diffusion_batch_size,sla_seconds,sla_percentile,num_shards,gpu_placement,workload,sla_ms,think_time_s,measure_s,batch_wait_ms,pre_workers,processor,requests_per_level,drop_after,early_stop,images,compute_s_max,compute_s_sum,images_per_second,avg_ms_per_image,avg_s_per_image,denoising_steps_per_s,top1_correct,top1_accuracy,measured_s,cpu_launch_ms,gpu_ms,bound_by,denoise_s_per_image,other_s_per_image,denoise_pct,calibrated_mu_rps,calibrated_service_s,service_p95_s,service_cv2,replica_rss_gib_max,gpu_peak_alloc_gib,verdict,skipped_reason,max_qps,max_requests_per_minute,max_images_per_hour,rho_at_capacity,goodput_rps,sla_attainment_pct,max_concurrent_users,max_concurrent_inflight,requests_measured,dropped,p50_ms,p90_ms,p95_ms,p99_ms,max_ms,predicted_mean_ms,mean_batch_size,queue_depth_max,p95_drift,harness_lag_ms,preprocess_ms,queue_wait_ms,inference_ms,ipc_ms,text_encode_ms,denoise_ms,vae_decode_ms,jpeg_encode_ms,cpu_logical_count,cpu_cores_busy_mean,cpu_cores_busy_max,proc_cpu_pct_mean,sys_cpu_pct_mean,rss_gib_max,threads_max,gpu_util_pct_mean,gpu_mem_util_pct_mean,gpu_mem_used_gib_max,gpu_power_w_mean,gpu_power_w_max,gpu_sm_clock_mhz_mean,gpu_temp_c_max,cpu_power_w_mean,power_w_mean,power_source,images_per_second_per_w,joules_per_image,host_source,shard_images,shard_compute_s,shard_images_per_second,files
server_vit_benchmark,diffusers,20260911_191358,SR650a V4,6787P,RTX PRO 6000,ThinkSystem SR650a V4,Intel(R) Xeon(R) 6787P,NVIDIA RTX PRO 6000 Blackwell Server Edition,"172 logical, 172 physical, 2 sockets",google/vit-base-patch16-224,ILSVRC/imagenet-1k,,cuda,,bfloat16,,,bf16,,256,32,,,,,,,5,42,2,,enabled,,,,,,0.1000,95,1,,interactive,100,5,120,5,8,fast,,,,39896,,,332.467,49.271,0.0493,,33194,0.8320,,,,,,,,,,,,,,,,331.99,,,,,,1676.3,16.36,39896,,45.09,,89.08,147.14,359.95,,6.43,7,1.043,2.80,63.56,18.72,16.09,,,,,,172,8.83,10.37,882.6,5.2,2.44,30,9.5,1.0,1.89,118.8,135.0,2422,52,,,,,,logged,39896,,332.467,server_vit_google_vit-base-patch16-224_interactive_20260911_191358.txt
server_vit_benchmark,diffusers,20260911_193758,SR650a V4,6787P,RTX PRO 6000,ThinkSystem SR650a V4,Intel(R) Xeon(R) 6787P,NVIDIA RTX PRO 6000 Blackwell Server Edition,"172 logical, 172 physical, 2 sockets",google/vit-base-patch16-224,ILSVRC/imagenet-1k,,cuda,,bfloat16,,,bf16,,256,32,,,,,,,5,42,2,,enabled,,,,,,0.1000,95,1,,interactive,100,5,120,5,12,fast,,,,38204,,,318.367,49.379,0.0494,,31788,0.8321,,,,,,,,,,,,,,,,317.92,,,,,,1605.3,15.70,38204,,45.18,,90.26,129.24,301.97,,7.52,13,1.107,3.26,53.93,23.00,22.05,,,,,,172,9.89,13.10,989.2,5.8,2.68,38,9.3,1.0,1.91,118.5,136.6,2422,52,,,,,,logged,38204,,318.367,server_vit_google_vit-base-patch16-224_interactive_20260911_193758.txt
server_vit_benchmark,diffusers,20260911_200154,SR650a V4,6787P,RTX PRO 6000,ThinkSystem SR650a V4,Intel(R) Xeon(R) 6787P,NVIDIA RTX PRO 6000 Blackwell Server Edition,"172 logical, 172 physical, 2 sockets",google/vit-base-patch16-224,ILSVRC/imagenet-1k,,cuda,,bfloat16,,,bf16,,256,32,,,,,,,5,42,2,,enabled,,,,,,0.1000,95,1,,interactive,100,5,120,5,12,fast,,,,38204,,,318.367,47.719,0.0477,,31788,0.8321,,,,,,,,,,,,,,,,317.92,,,,,,1604.7,15.17,38204,,42.66,,88.02,143.70,357.50,,7.40,12,1.146,3.18,52.42,22.70,21.79,,,,,,172,9.79,13.35,979.5,5.7,2.65,38,9.4,1.0,1.91,118.2,135.1,2422,53,,,,,,logged,38204,,318.367,server_vit_google_vit-base-patch16-224_interactive_20260911_200154.txt
server_vit_benchmark,diffusers,20260911_202548,SR650a V4,6787P,RTX PRO 6000,ThinkSystem SR650a V4,Intel(R) Xeon(R) 6787P,NVIDIA RTX PRO 6000 Blackwell Server Edition,"172 logical, 172 physical, 2 sockets",google/vit-base-patch16-224,ILSVRC/imagenet-1k,,cuda,,bfloat16,,,bf16,,256,32,,,,,,,5,42,2,,enabled,,,,,,0.1000,95,1,,interactive,100,5,120,5,16,fast,,,,36683,,,305.692,45.580,0.0456,,30519,0.8320,,,,,,,,,,,,,,,,304.44,,,,,,1536.1,13.88,36683,,38.77,,91.15,125.25,381.31,,7.54,17,1.045,3.29,50.93,23.09,24.62,,,,,,172,10.31,15.47,1031.4,6.0,2.87,46,9.2,1.0,1.91,116.0,133.1,2422,53,,,,,,logged,36683,,305.692,server_vit_google_vit-base-patch16-224_interactive_20260911_202548.txt
server_vit_benchmark,diffusers,20260911_204938,SR650a V4,6787P,RTX PRO 6000,ThinkSystem SR650a V4,Intel(R) Xeon(R) 6787P,NVIDIA RTX PRO 6000 Blackwell Server Edition,"172 logical, 172 physical, 2 sockets",google/vit-large-patch16-224,ILSVRC/imagenet-1k,,cuda,,bfloat16,,,bf16,,256,32,,,,,,,5,42,2,,enabled,,,,,,0.1000,95,1,,interactive,100,5,120,5,8,fast,,,,36683,,,305.692,49.744,0.0497,,30661,0.8358,,,,,,,,,,,,,,,,304.44,,,,,,1537.3,15.14,36683,,46.95,,84.37,106.74,203.68,,7.26,11,1.064,2.81,49.15,22.50,22.77,,,,,,172,8.50,10.41,850.4,5.0,2.43,30,26.6,2.6,2.36,201.1,241.9,2418,74,,,,,,logged,36683,,305.692,server_vit_google_vit-large-patch16-224_interactive_20260911_204938.txt
server_vit_benchmark,diffusers,20260911_211345,SR650a V4,6787P,RTX PRO 6000,ThinkSystem SR650a V4,Intel(R) Xeon(R) 6787P,NVIDIA RTX PRO 6000 Blackwell Server Edition,"172 logical, 172 physical, 2 sockets",google/vit-large-patch16-224,ILSVRC/imagenet-1k,,cuda,,bfloat16,,,bf16,,256,32,,,,,,,5,42,2,,enabled,,,,,,0.1000,95,1,,interactive,100,5,120,5,12,fast,,,,36683,,,305.692,55.129,0.0551,,30661,0.8358,,,,,,,,,,,,,,,,304.44,,,,,,1539.0,16.78,36683,,50.48,,97.66,146.69,380.45,,8.68,18,1.002,3.41,51.70,27.06,28.17,,,,,,172,9.69,12.93,969.0,5.6,2.70,38,25.9,2.4,2.48,196.3,243.2,2417,73,,,,,,logged,36683,,305.692,server_vit_google_vit-large-patch16-224_interactive_20260911_211345.txt
server_vit_benchmark,diffusers,20260911_213744,SR650a V4,6787P,RTX PRO 6000,ThinkSystem SR650a V4,Intel(R) Xeon(R) 6787P,NVIDIA RTX PRO 6000 Blackwell Server Edition,"172 logical, 172 physical, 2 sockets",google/vit-large-patch16-224,ILSVRC/imagenet-1k,,cuda,,bfloat16,,,bf16,,256,32,,,,,,,5,42,2,,enabled,,,,,,0.1000,95,1,,interactive,100,5,120,5,16,fast,,,,33720,,,281.000,48.527,0.0485,,28188,0.8359,,,,,,,,,,,,,,,,279.17,,,,,,1409.4,13.55,33720,,41.27,,93.76,145.24,349.37,,7.84,22,1.158,3.19,47.20,25.13,28.81,,,,,,172,9.74,16.18,973.5,5.7,2.91,46,24.5,2.6,2.48,188.7,234.2,2419,71,,,,,,logged,33720,,281.000,server_vit_google_vit-large-patch16-224_interactive_20260911_213744.txt
server_vit_benchmark,diffusers,20260911_220137,SR650a V4,6787P,RTX PRO 6000,ThinkSystem SR650a V4,Intel(R) Xeon(R) 6787P,NVIDIA RTX PRO 6000 Blackwell Server Edition,"172 logical, 172 physical, 2 sockets",facebook/dinov2-giant,ILSVRC/imagenet-1k,,cuda,,bfloat16,,,bf16,,256,32,,,,,,,5,42,2,,enabled,,,,,,0.1000,95,1,,interactive,100,5,120,5,8,fast,,,,16753,,,139.608,45.498,0.0455,,,,,,,,,,,,,,,,,,,139.58,,,,,,704.3,6.35,16753,,40.38,,86.76,123.65,208.19,,4.44,16,1.021,1.69,18.98,30.24,50.61,,,,,,172,5.45,7.64,544.8,3.2,2.40,30,54.5,7.7,4.53,284.7,354.0,2204,90,,,,,,logged,16753,,139.608,server_vit_facebook_dinov2-giant_interactive_20260911_220137.txt
server_vit_benchmark,diffusers,20260911_222245,SR650a V4,6787P,RTX PRO 6000,ThinkSystem SR650a V4,Intel(R) Xeon(R) 6787P,NVIDIA RTX PRO 6000 Blackwell Server Edition,"172 logical, 172 physical, 2 sockets",facebook/dinov2-giant,ILSVRC/imagenet-1k,,cuda,,bfloat16,,,bf16,,256,32,,,,,,,5,42,2,,enabled,,,,,,0.1000,95,1,,interactive,100,5,120,5,12,fast,,,,17455,,,145.458,49.072,0.0491,,,,,,,,,,,,,,,,,,,145.76,,,,,,736.0,7.15,17455,,43.30,,95.84,131.18,214.55,,4.91,15,1.002,1.65,20.00,33.58,53.24,,,,,,172,5.82,8.19,581.8,3.4,2.62,38,57.6,7.8,4.53,283.9,365.5,2161,89,,,,,,logged,17455,,145.458,server_vit_facebook_dinov2-giant_interactive_20260911_222245.txt
server_vit_benchmark,diffusers,20260911_224354,SR650a V4,6787P,RTX PRO 6000,ThinkSystem SR650a V4,Intel(R) Xeon(R) 6787P,NVIDIA RTX PRO 6000 Blackwell Server Edition,"172 logical, 172 physical, 2 sockets",facebook/dinov2-giant,ILSVRC/imagenet-1k,,cuda,,bfloat16,,,bf16,,256,32,,,,,,,5,42,2,,enabled,,,,,,0.1000,95,1,,interactive,100,5,120,5,16,fast,,,,17455,,,145.458,49.285,0.0493,,,,,,,,,,,,,,,,,,,145.76,,,,,,736.0,7.18,17455,,43.31,,96.63,137.91,219.97,,4.93,15,0.954,1.70,20.01,33.25,54.09,,,,,,172,5.84,8.17,583.6,3.4,2.86,46,57.9,7.8,4.53,286.1,351.3,2172,89,,,,,,logged,17455,,145.458,server_vit_facebook_dinov2-giant_interactive_20260911_224354.txt
vit_benchmark_throughput,diffusers,20260915_194417,SR650a V4,6787P,RTX PRO 6000,ThinkSystem SR650a V4,Intel(R) Xeon(R) 6787P,NVIDIA RTX PRO 6000 Blackwell Server Edition x2,"172 logical, 172 physical, 2 sockets",google/vit-base-patch16-224,ILSVRC/imagenet-1k,"offline throughput sweep (no SLA, no arrival model)",cuda,cuda,bfloat16,fp4,"w4a4, float4_e2m1 weights, float8_e4m3 scale per 16-value block (NVFP4), activations quantised per forward, nn.Linear only, torchao 0.18.0",fp4,,64,32,"8,32",1,1,"bf16,fp8,int8,fp4",,,3,,172,,enabled,,,,,,,,1,,,,,5,,,,,,,41760,,,7442.113,0.134,0.0001,,,,5.611,0.689,4.912,device (gpu/launch = 7.12),,,,,,,,,,,,,,,,,,,,,,,,,,,,,,,,,,,,,,,,172,1.04,1.20,,0.6,,,99.7,,1.95,417.1,444.5,2387,61,299.9,717.0,gpu NVML board + cpu RAPL package,10.380,,logged,41760,,7442.113,vit_throughput_google_vit-base-patch16-224_bfloat16-fp4_20260915_194417.txt
vit_benchmark_throughput,diffusers,20260915_194417,SR650a V4,6787P,RTX PRO 6000,ThinkSystem SR650a V4,Intel(R) Xeon(R) 6787P,NVIDIA RTX PRO 6000 Blackwell Server Edition x2,"172 logical, 172 physical, 2 sockets",google/vit-base-patch16-224,ILSVRC/imagenet-1k,"offline throughput sweep (no SLA, no arrival model)",cuda,cuda,bfloat16,fp8,"w8a8, float8_e4m3 weights per tensor, activations quantised per forward, nn.Linear only, torchao 0.18.0",fp8,,64,32,"8,32",1,1,"bf16,fp8,int8,fp4",,,3,,172,,enabled,,,,,,,,1,,,,,5,,,,,,,45184,,,8111.415,0.123,0.0001,,,,5.570,0.836,4.702,device (gpu/launch = 5.62),,,,,,,,,,,,,,,,,,,,,,,,,,,,,,,,,,,,,,,,172,1.04,1.20,,0.6,,,100.0,,1.84,422.3,452.6,2274,61,299.1,721.4,gpu NVML board + cpu RAPL package,11.244,,logged,45184,,8111.415,vit_throughput_google_vit-base-patch16-224_bfloat16-fp8_20260915_194417.txt
vit_benchmark_throughput,diffusers,20260915_194417,SR650a V4,6787P,RTX PRO 6000,ThinkSystem SR650a V4,Intel(R) Xeon(R) 6787P,NVIDIA RTX PRO 6000 Blackwell Server Edition x2,"172 logical, 172 physical, 2 sockets",google/vit-base-patch16-224,ILSVRC/imagenet-1k,"offline throughput sweep (no SLA, no arrival model)",cuda,cuda,bfloat16,int8,"w8a8, int8 weights per output channel, activations quantised per forward, nn.Linear only, torchao 0.18.0",int8,,64,32,"8,32",1,1,"bf16,fp8,int8,fp4",,,3,,172,,enabled,,,,,,,,1,,,,,5,,,,,,,39136,,,6896.255,0.145,0.0001,,,,5.675,0.890,5.437,device (gpu/launch = 6.11),,,,,,,,,,,,,,,,,,,,,,,,,,,,,,,,,,,,,,,,172,1.03,1.03,,0.6,,,95.7,,2.02,420.0,457.2,2186,60,45610.4,46030.4,gpu NVML board + cpu RAPL package,0.150,,logged,39136,,6896.255,vit_throughput_google_vit-base-patch16-224_bfloat16-int8_20260915_194417.txt
vit_benchmark_throughput,diffusers,20260915_194417,SR650a V4,6787P,RTX PRO 6000,ThinkSystem SR650a V4,Intel(R) Xeon(R) 6787P,NVIDIA RTX PRO 6000 Blackwell Server Edition x2,"172 logical, 172 physical, 2 sockets",google/vit-base-patch16-224,ILSVRC/imagenet-1k,"offline throughput sweep (no SLA, no arrival model)",cuda,cuda,bfloat16,disabled,,bf16,,64,32,"8,32",1,1,"bf16,fp8,int8,fp4",,,3,,172,,enabled,,,,,,,,1,,,,,5,,,,,,,36800,,,6431.229,0.155,0.0002,,,,5.722,0.346,5.260,device (gpu/launch = 15.20),,,,,,,,,,,,,,,,,,,,,,,,,,,,,,,,,,,,,,,,172,1.03,1.03,,0.6,,,99.6,,1.88,421.1,455.2,2281,55,297.7,718.8,gpu NVML board + cpu RAPL package,8.948,,logged,36800,,6431.229,vit_throughput_google_vit-base-patch16-224_bfloat16_20260915_194417.txt
vit_benchmark,diffusers,20260915_195346,SR650a V4,6787P,RTX PRO 6000,ThinkSystem SR650a V4,Intel(R) Xeon(R) 6787P,NVIDIA RTX PRO 6000 Blackwell Server Edition x2,"172 logical, 172 physical, 2 sockets",google/vit-base-patch16-224,ILSVRC/imagenet-1k,accuracy + forward time,cuda,,bfloat16,disabled,,bf16,,512,32,,,,,,,3,,172,,enabled,,,,,,,,1,,,,,,,,,,,,512,0.0858,0.0858,5967.3660,0.168,0.0002,,420,0.8203,,,,,,,,,,,,,,,,,,,,,,,,,,,,,,,,,,,,,,,,,,,,,,,,,,,,,,,,,,,,,,,logged,512,0.0858,5967.327,vit_benchmark_google_vit-base-patch16-224_20260915_195346.txt
vit_benchmark,diffusers,20260915_195404,SR650a V4,6787P,RTX PRO 6000,ThinkSystem SR650a V4,Intel(R) Xeon(R) 6787P,NVIDIA RTX PRO 6000 Blackwell Server Edition x2,"172 logical, 172 physical, 2 sockets",google/vit-base-patch16-224,ILSVRC/imagenet-1k,accuracy + forward time,cuda,,bfloat16,fp4,"w4a4, float4_e2m1 weights, float8_e4m3 scale per 16-value block (NVFP4), activations quantised per forward, nn.Linear only, torchao 0.18.0",fp4,,512,32,,,,,,,3,,172,,enabled,,,,,,,,1,,,,,,,,,,,,512,0.0751,0.0751,6817.5766,0.147,0.0001,,420,0.8203,,,,,,,,,,,,,,,,,,,,,,,,,,,,,,,,,,,,,,,,,,,,,,,,,,,,,,,,,,,,,,,logged,512,0.0751,6816.404,vit_benchmark_google_vit-base-patch16-224_20260915_195404.txt
vit_benchmark,diffusers,20260915_195515,SR650a V4,6787P,RTX PRO 6000,ThinkSystem SR650a V4,Intel(R) Xeon(R) 6787P,NVIDIA RTX PRO 6000 Blackwell Server Edition x2,"172 logical, 172 physical, 2 sockets",google/vit-base-patch16-224,ILSVRC/imagenet-1k,accuracy + forward time,cuda,,bfloat16,disabled,,bf16,,2000,32,,,,,,,3,,172,,enabled,,,,,,,,1,,,,,,,,,,,,2000,0.3691,0.3691,5418.5857,0.185,0.0002,,1622,0.8110,,,,,,,,,,,,,,,,,,,,,,,,,,,,,,,,,,,,,,,,,,,,,,,,,,,,,,,,,,,,,,,logged,2000,0.3691,5418.920,vit_benchmark_google_vit-base-patch16-224_20260915_195515.txt
vit_benchmark,diffusers,20260915_195538,SR650a V4,6787P,RTX PRO 6000,ThinkSystem SR650a V4,Intel(R) Xeon(R) 6787P,NVIDIA RTX PRO 6000 Blackwell Server Edition x2,"172 logical, 172 physical, 2 sockets",google/vit-base-patch16-224,ILSVRC/imagenet-1k,accuracy + forward time,cuda,,bfloat16,fp4,"w4a4, float4_e2m1 weights, float8_e4m3 scale per 16-value block (NVFP4), activations quantised per forward, nn.Linear only, torchao 0.18.0",fp4,,2000,32,,,,,,,3,,172,,enabled,,,,,,,,1,,,,,,,,,,,,2000,0.3662,0.3662,5461.4965,0.183,0.0002,,1615,0.8075,,,,,,,,,,,,,,,,,,,,,,,,,,,,,,,,,,,,,,,,,,,,,,,,,,,,,,,,,,,,,,,logged,2000,0.3662,5461.751,vit_benchmark_google_vit-base-patch16-224_20260915_195538.txt
vit_benchmark,diffusers,20260915_195722,SR650a V4,6787P,RTX PRO 6000,ThinkSystem SR650a V4,Intel(R) Xeon(R) 6787P,NVIDIA RTX PRO 6000 Blackwell Server Edition x2,"172 logical, 172 physical, 2 sockets",google/vit-base-patch16-224,ILSVRC/imagenet-1k,accuracy + forward time,cuda,,bfloat16,fp8,"w8a8, float8_e4m3 weights per tensor, activations quantised per forward, nn.Linear only, torchao 0.18.0",fp8,,2000,32,,,,,,,3,,172,,enabled,,,,,,,,1,,,,,,,,,,,,2000,0.3295,0.3295,6069.8027,0.165,0.0002,,1619,0.8095,,,,,,,,,,,,,,,,,,,,,,,,,,,,,,,,,,,,,,,,,,,,,,,,,,,,,,,,,,,,,,,logged,2000,0.3295,6069.635,vit_benchmark_google_vit-base-patch16-224_20260915_195722.txt
vit_benchmark_throughput,diffusers,20260915_200755,SR650a V4,6787P,RTX PRO 6000,ThinkSystem SR650a V4,Intel(R) Xeon(R) 6787P,NVIDIA RTX PRO 6000 Blackwell Server Edition x2,"172 logical, 172 physical, 2 sockets",facebook/dinov2-giant,ILSVRC/imagenet-1k,"offline throughput sweep (no SLA, no arrival model)",cuda,cuda:0,bfloat16,fp4,"w4a4, float4_e2m1 weights, float8_e4m3 scale per 16-value block (NVFP4), activations quantised per forward, nn.Linear only, torchao 0.18.0",fp4,,256,32,"1,4,8,16,32,64",1,1,"bf16,fp8,int8,fp4",,,5,,86,,enabled,,,,,,,,1,,,,,120,,,,,,,68576,,,535.203,1.868,0.0019,,,,128.131,2.078,60.346,device (gpu/launch = 29.04),,,,,,,,,,,,,,,,,,,,,,,,,,,,,,,,,,,,,,,,172,1.03,1.20,,0.6,,,100.0,,3.18,286.7,291.5,1489,85,2338.7,2625.4,gpu NVML board + cpu RAPL package,0.204,,logged,68576,,535.203,vit_throughput_facebook_dinov2-giant_bfloat16-fp4_20260915_200755.txt
vit_benchmark_throughput,diffusers,20260915_200755,SR650a V4,6787P,RTX PRO 6000,ThinkSystem SR650a V4,Intel(R) Xeon(R) 6787P,NVIDIA RTX PRO 6000 Blackwell Server Edition x2,"172 logical, 172 physical, 2 sockets",facebook/dinov2-giant,ILSVRC/imagenet-1k,"offline throughput sweep (no SLA, no arrival model)",cuda,cuda:0,bfloat16,fp8,"w8a8, float8_e4m3 weights per tensor, activations quantised per forward, nn.Linear only, torchao 0.18.0",fp8,,256,32,"1,4,8,16,32,64",1,1,"bf16,fp8,int8,fp4",,,5,,86,,enabled,,,,,,,,1,,,,,120,,,,,,,58848,,,452.858,2.208,0.0022,,,,129.948,2.252,71.805,device (gpu/launch = 31.89),,,,,,,,,,,,,,,,,,,,,,,,,,,,,,,,,,,,,,,,172,1.03,1.55,,0.6,,,100.0,,3.08,288.7,289.9,1410,85,302.7,591.4,gpu NVML board + cpu RAPL package,0.766,,logged,58848,,452.858,vit_throughput_facebook_dinov2-giant_bfloat16-fp8_20260915_200755.txt
vit_benchmark_throughput,diffusers,20260915_200755,SR650a V4,6787P,RTX PRO 6000,ThinkSystem SR650a V4,Intel(R) Xeon(R) 6787P,NVIDIA RTX PRO 6000 Blackwell Server Edition x2,"172 logical, 172 physical, 2 sockets",facebook/dinov2-giant,ILSVRC/imagenet-1k,"offline throughput sweep (no SLA, no arrival model)",cuda,cuda:0,bfloat16,int8,"w8a8, int8 weights per output channel, activations quantised per forward, nn.Linear only, torchao 0.18.0",int8,,256,4,"1,4,8,16,32,64",1,1,"bf16,fp8,int8,fp4",,,5,,86,,enabled,,,,,,,,1,,,,,120,,,,,,,50988,,,419.343,2.385,0.0024,,,,121.590,2.423,12.897,device (gpu/launch = 5.32),,,,,,,,,,,,,,,,,,,,,,,,,,,,,,,,,,,,,,,,172,1.03,1.20,,0.6,,,100.0,,2.83,369.0,455.5,2066,85,301.1,670.2,gpu NVML board + cpu RAPL package,0.626,,logged,50988,,419.343,vit_throughput_facebook_dinov2-giant_bfloat16-int8_20260915_200755.txt
vit_benchmark_throughput,diffusers,20260915_200755,SR650a V4,6787P,RTX PRO 6000,ThinkSystem SR650a V4,Intel(R) Xeon(R) 6787P,NVIDIA RTX PRO 6000 Blackwell Server Edition x2,"172 logical, 172 physical, 2 sockets",facebook/dinov2-giant,ILSVRC/imagenet-1k,"offline throughput sweep (no SLA, no arrival model)",cuda,cuda:0,bfloat16,disabled,,bf16,,256,32,"1,4,8,16,32,64",1,1,"bf16,fp8,int8,fp4",,,5,,86,,enabled,,,,,,,,1,,,,,120,,,,,,,37728,,,313.672,3.188,0.0032,,,,120.278,1.329,102.860,device (gpu/launch = 77.41),,,,,,,,,,,,,,,,,,,,,,,,,,,,,,,,,,,,,,,,172,1.03,1.20,,0.6,,,100.0,,4.09,285.9,291.8,1489,85,2465.5,2751.4,gpu NVML board + cpu RAPL package,0.114,,logged,37728,,313.672,vit_throughput_facebook_dinov2-giant_bfloat16_20260915_200755.txt
vit_benchmark_throughput,diffusers,20260915_200755,SR650a V4,6787P,RTX PRO 6000,ThinkSystem SR650a V4,Intel(R) Xeon(R) 6787P,NVIDIA RTX PRO 6000 Blackwell Server Edition x2,"172 logical, 172 physical, 2 sockets",google/vit-base-patch16-224,ILSVRC/imagenet-1k,"offline throughput sweep (no SLA, no arrival model)",cuda,cuda:0,bfloat16,fp4,"w4a4, float4_e2m1 weights, float8_e4m3 scale per 16-value block (NVFP4), activations quantised per forward, nn.Linear only, torchao 0.18.0",fp4,,256,64,"1,4,8,16,32,64",1,1,"bf16,fp8,int8,fp4",,,5,,86,,enabled,,,,,,,,1,,,,,120,,,,,,,700928,,,5764.805,0.173,0.0002,,,,121.587,0.707,11.539,device (gpu/launch = 16.33),,,,,,,,,,,,,,,,,,,,,,,,,,,,,,,,,,,,,,,,172,1.03,1.20,,0.6,,,100.0,,1.96,286.9,300.4,1603,85,302.6,589.5,gpu NVML board + cpu RAPL package,9.778,,logged,700928,,5764.805,vit_throughput_google_vit-base-patch16-224_bfloat16-fp4_20260915_200755.txt
vit_benchmark_throughput,diffusers,20260915_200755,SR650a V4,6787P,RTX PRO 6000,ThinkSystem SR650a V4,Intel(R) Xeon(R) 6787P,NVIDIA RTX PRO 6000 Blackwell Server Edition x2,"172 logical, 172 physical, 2 sockets",google/vit-base-patch16-224,ILSVRC/imagenet-1k,"offline throughput sweep (no SLA, no arrival model)",cuda,cuda:0,bfloat16,fp8,"w8a8, float8_e4m3 weights per tensor, activations quantised per forward, nn.Linear only, torchao 0.18.0",fp8,,256,32,"1,4,8,16,32,64",1,1,"bf16,fp8,int8,fp4",,,5,,86,,enabled,,,,,,,,1,,,,,120,,,,,,,729280,,,6039.019,0.166,0.0002,,,,120.761,0.707,5.654,device (gpu/launch = 7.99),,,,,,,,,,,,,,,,,,,,,,,,,,,,,,,,,,,,,,,,172,1.03,1.20,,0.6,,,100.0,,1.88,286.6,299.7,1614,85,302.5,589.1,gpu NVML board + cpu RAPL package,10.251,,logged,729280,,6039.019,vit_throughput_google_vit-base-patch16-224_bfloat16-fp8_20260915_200755.txt
vit_benchmark_throughput,diffusers,20260915_200755,SR650a V4,6787P,RTX PRO 6000,ThinkSystem SR650a V4,Intel(R) Xeon(R) 6787P,NVIDIA RTX PRO 6000 Blackwell Server Edition x2,"172 logical, 172 physical, 2 sockets",google/vit-base-patch16-224,ILSVRC/imagenet-1k,"offline throughput sweep (no SLA, no arrival model)",cuda,cuda:0,bfloat16,int8,"w8a8, int8 weights per output channel, activations quantised per forward, nn.Linear only, torchao 0.18.0",int8,,256,32,"1,4,8,16,32,64",1,1,"bf16,fp8,int8,fp4",,,5,,86,,enabled,,,,,,,,1,,,,,120,,,,,,,600352,,,4964.234,0.201,0.0002,,,,120.935,0.840,6.938,device (gpu/launch = 8.26),,,,,,,,,,,,,,,,,,,,,,,,,,,,,,,,,,,,,,,,172,1.03,1.20,,0.6,,,100.0,,1.93,291.1,298.7,1496,85,2469.5,2760.6,gpu NVML board + cpu RAPL package,1.798,,logged,600352,,4964.234,vit_throughput_google_vit-base-patch16-224_bfloat16-int8_20260915_200755.txt
vit_benchmark_throughput,diffusers,20260915_200755,SR650a V4,6787P,RTX PRO 6000,ThinkSystem SR650a V4,Intel(R) Xeon(R) 6787P,NVIDIA RTX PRO 6000 Blackwell Server Edition x2,"172 logical, 172 physical, 2 sockets",google/vit-base-patch16-224,ILSVRC/imagenet-1k,"offline throughput sweep (no SLA, no arrival model)",cuda,cuda:0,bfloat16,disabled,,bf16,,256,64,"1,4,8,16,32,64",1,1,"bf16,fp8,int8,fp4",,,5,,86,,enabled,,,,,,,,1,,,,,120,,,,,,,579328,,,4806.882,0.208,0.0002,,,,120.521,0.377,13.375,device (gpu/launch = 35.45),,,,,,,,,,,,,,,,,,,,,,,,,,,,,,,,,,,,,,,,172,1.03,1.20,,0.6,,,100.0,,1.94,288.4,296.8,1542,85,2473.2,2761.5,gpu NVML board + cpu RAPL package,1.741,,logged,579328,,4806.882,vit_throughput_google_vit-base-patch16-224_bfloat16_20260915_200755.txt
vit_benchmark_throughput,diffusers,20260915_200755,SR650a V4,6787P,RTX PRO 6000,ThinkSystem SR650a V4,Intel(R) Xeon(R) 6787P,NVIDIA RTX PRO 6000 Blackwell Server Edition x2,"172 logical, 172 physical, 2 sockets",google/vit-large-patch16-224,ILSVRC/imagenet-1k,"offline throughput sweep (no SLA, no arrival model)",cuda,cuda:0,bfloat16,fp4,"w4a4, float4_e2m1 weights, float8_e4m3 scale per 16-value block (NVFP4), activations quantised per forward, nn.Linear only, torchao 0.18.0",fp4,,256,64,"1,4,8,16,32,64",1,1,"bf16,fp8,int8,fp4",,,5,,86,,enabled,,,,,,,,1,,,,,120,,,,,,,257600,,,2070.311,0.483,0.0005,,,,124.426,1.393,32.411,device (gpu/launch = 23.27),,,,,,,,,,,,,,,,,,,,,,,,,,,,,,,,,,,,,,,,172,1.03,1.20,,0.6,,,100.0,,2.21,289.7,301.8,1593,85,302.9,592.5,gpu NVML board + cpu RAPL package,3.494,,logged,257600,,2070.311,vit_throughput_google_vit-large-patch16-224_bfloat16-fp4_20260915_200755.txt
vit_benchmark_throughput,diffusers,20260915_200755,SR650a V4,6787P,RTX PRO 6000,ThinkSystem SR650a V4,Intel(R) Xeon(R) 6787P,NVIDIA RTX PRO 6000 Blackwell Server Edition x2,"172 logical, 172 physical, 2 sockets",google/vit-large-patch16-224,ILSVRC/imagenet-1k,"offline throughput sweep (no SLA, no arrival model)",cuda,cuda:0,bfloat16,fp8,"w8a8, float8_e4m3 weights per tensor, activations quantised per forward, nn.Linear only, torchao 0.18.0",fp8,,256,32,"1,4,8,16,32,64",1,1,"bf16,fp8,int8,fp4",,,5,,86,,enabled,,,,,,,,1,,,,,120,,,,,,,229216,,,1871.601,0.534,0.0005,,,,122.471,1.383,18.080,device (gpu/launch = 13.08),,,,,,,,,,,,,,,,,,,,,,,,,,,,,,,,,,,,,,,,172,1.03,1.38,,0.6,,,100.0,,2.10,287.1,297.4,1548,85,303.0,590.1,gpu NVML board + cpu RAPL package,3.172,,logged,229216,,1871.601,vit_throughput_google_vit-large-patch16-224_bfloat16-fp8_20260915_200755.txt
vit_benchmark_throughput,diffusers,20260915_200755,SR650a V4,6787P,RTX PRO 6000,ThinkSystem SR650a V4,Intel(R) Xeon(R) 6787P,NVIDIA RTX PRO 6000 Blackwell Server Edition x2,"172 logical, 172 physical, 2 sockets",google/vit-large-patch16-224,ILSVRC/imagenet-1k,"offline throughput sweep (no SLA, no arrival model)",cuda,cuda:0,bfloat16,int8,"w8a8, int8 weights per output channel, activations quantised per forward, nn.Linear only, torchao 0.18.0",int8,,256,32,"1,4,8,16,32,64",1,1,"bf16,fp8,int8,fp4",,,5,,86,,enabled,,,,,,,,1,,,,,120,,,,,,,206432,,,1680.282,0.595,0.0006,,,,122.856,1.519,20.127,device (gpu/launch = 13.25),,,,,,,,,,,,,,,,,,,,,,,,,,,,,,,,,,,,,,,,172,1.03,1.20,,0.6,,,100.0,,2.22,295.2,310.4,1471,85,303.0,598.2,gpu NVML board + cpu RAPL package,2.809,,logged,206432,,1680.282,vit_throughput_google_vit-large-patch16-224_bfloat16-int8_20260915_200755.txt
vit_benchmark_throughput,diffusers,20260915_200755,SR650a V4,6787P,RTX PRO 6000,ThinkSystem SR650a V4,Intel(R) Xeon(R) 6787P,NVIDIA RTX PRO 6000 Blackwell Server Edition x2,"172 logical, 172 physical, 2 sockets",google/vit-large-patch16-224,ILSVRC/imagenet-1k,"offline throughput sweep (no SLA, no arrival model)",cuda,cuda:0,bfloat16,disabled,,bf16,,256,64,"1,4,8,16,32,64",1,1,"bf16,fp8,int8,fp4",,,5,,86,,enabled,,,,,,,,1,,,,,120,,,,,,,175168,,,1448.348,0.690,0.0007,,,,120.943,0.691,44.697,device (gpu/launch = 64.70),,,,,,,,,,,,,,,,,,,,,,,,,,,,,,,,,,,,,,,,172,1.03,1.03,,0.6,,,100.0,,2.46,288.1,295.8,1496,85,303.2,591.4,gpu NVML board + cpu RAPL package,2.449,,logged,175168,,1448.348,vit_throughput_google_vit-large-patch16-224_bfloat16_20260915_200755.txt
vit_benchmark_throughput,diffusers,20260915_231221,SR650a V4,6787P,RTX PRO 6000,ThinkSystem SR650a V4,Intel(R) Xeon(R) 6787P,NVIDIA RTX PRO 6000 Blackwell Server Edition x2,"172 logical, 172 physical, 2 sockets",facebook/dinov2-giant,ILSVRC/imagenet-1k,"offline throughput sweep (no SLA, no arrival model)",cpu,cpu,bfloat16,int8,"w8a8, int8 weights per output channel, activations quantised per forward, nn.Linear only, torchao 0.18.0",int8,,256,16,"1,4,8,16,32",2,"1,2","bf16,fp32,int8,fp4",,,5,,43,,enabled,,,,,,,,1,,,,,120,,,,,,,8224,,,68.372,29.252,0.0293,,,,120.283,468.095,,,,,,,,,,,,,,,,,,,,,,,,,,,,,,,,,,,,,,,,,,172,85.56,86.34,,49.7,,,,,,,,,,494.7,494.7,cpu RAPL package,0.138,,logged,8224,,68.372,vit_throughput_facebook_dinov2-giant_bfloat16-int8_20260915_231221.txt
vit_benchmark_throughput,diffusers,20260915_231221,SR650a V4,6787P,RTX PRO 6000,ThinkSystem SR650a V4,Intel(R) Xeon(R) 6787P,NVIDIA RTX PRO 6000 Blackwell Server Edition x2,"172 logical, 172 physical, 2 sockets",facebook/dinov2-giant,ILSVRC/imagenet-1k,"offline throughput sweep (no SLA, no arrival model)",cpu,cpu,bfloat16,disabled,,bf16,,256,8,"1,4,8,16,32",2,"1,2","bf16,fp32,int8,fp4",,,5,,43,,enabled,,,,,,,,1,,,,,120,,,,,,,4560,,,37.935,52.722,0.0527,,,,120.206,444.984,,,,,,,,,,,,,,,,,,,,,,,,,,,,,,,,,,,,,,,,,,172,83.58,84.62,,48.6,,,,,,,,,,2558.4,2558.4,cpu RAPL package,0.015,,logged,4560,,37.935,vit_throughput_facebook_dinov2-giant_bfloat16_20260915_231221.txt
vit_benchmark_throughput,diffusers,20260915_231221,SR650a V4,6787P,RTX PRO 6000,ThinkSystem SR650a V4,Intel(R) Xeon(R) 6787P,NVIDIA RTX PRO 6000 Blackwell Server Edition x2,"172 logical, 172 physical, 2 sockets",facebook/dinov2-giant,ILSVRC/imagenet-1k,"offline throughput sweep (no SLA, no arrival model)",cpu,cpu,float32,disabled,,fp32,,256,32,"1,4,8,16,32",2,"1,2","bf16,fp32,int8,fp4",,,5,,43,,enabled,,,,,,,,1,,,,,120,,,,,,,1344,,,10.822,184.815,0.1848,,,,124.195,5885.355,,,,,,,,,,,,,,,,,,,,,,,,,,,,,,,,,,,,,,,,,,172,79.33,82.39,,46.1,,,,,,,,,,1921.3,1921.3,cpu RAPL package,0.006,,logged,1344,,10.822,vit_throughput_facebook_dinov2-giant_float32_20260915_231221.txt
vit_benchmark_throughput,diffusers,20260915_231221,SR650a V4,6787P,RTX PRO 6000,ThinkSystem SR650a V4,Intel(R) Xeon(R) 6787P,NVIDIA RTX PRO 6000 Blackwell Server Edition x2,"172 logical, 172 physical, 2 sockets",google/vit-base-patch16-224,ILSVRC/imagenet-1k,"offline throughput sweep (no SLA, no arrival model)",cpu,cpu,bfloat16,int8,"w8a8, int8 weights per output channel, activations quantised per forward, nn.Linear only, torchao 0.18.0",int8,,256,16,"1,4,8,16,32",2,"1,2","bf16,fp32,int8,fp4",,,5,,43,,enabled,,,,,,,,1,,,,,120,,,,,,,56032,,,466.738,4.285,0.0043,,,,120.050,69.850,,,,,,,,,,,,,,,,,,,,,,,,,,,,,,,,,,,,,,,,,,172,85.43,85.66,,49.7,,,,,,,,,,4823.9,4823.9,cpu RAPL package,0.097,,logged,56032,,466.738,vit_throughput_google_vit-base-patch16-224_bfloat16-int8_20260915_231221.txt
vit_benchmark_throughput,diffusers,20260915_231221,SR650a V4,6787P,RTX PRO 6000,ThinkSystem SR650a V4,Intel(R) Xeon(R) 6787P,NVIDIA RTX PRO 6000 Blackwell Server Edition x2,"172 logical, 172 physical, 2 sockets",google/vit-base-patch16-224,ILSVRC/imagenet-1k,"offline throughput sweep (no SLA, no arrival model)",cpu,cpu,bfloat16,disabled,,bf16,,256,32,"1,4,8,16,32",2,"1,2","bf16,fp32,int8,fp4",,,5,,43,,enabled,,,,,,,,1,,,,,120,,,,,,,47712,,,397.491,5.032,0.0050,,,,120.033,153.630,,,,,,,,,,,,,,,,,,,,,,,,,,,,,,,,,,,,,,,,,,172,79.75,81.01,,46.4,,,,,,,,,,454.9,454.9,cpu RAPL package,0.874,,logged,47712,,397.491,vit_throughput_google_vit-base-patch16-224_bfloat16_20260915_231221.txt
vit_benchmark_throughput,diffusers,20260915_231221,SR650a V4,6787P,RTX PRO 6000,ThinkSystem SR650a V4,Intel(R) Xeon(R) 6787P,NVIDIA RTX PRO 6000 Blackwell Server Edition x2,"172 logical, 172 physical, 2 sockets",google/vit-base-patch16-224,ILSVRC/imagenet-1k,"offline throughput sweep (no SLA, no arrival model)",cpu,cpu,float32,disabled,,fp32,,256,32,"1,4,8,16,32",2,"1,2","bf16,fp32,int8,fp4",,,5,,43,,enabled,,,,,,,,1,,,,,120,,,,,,,24096,,,200.306,9.985,0.0100,,,,120.296,319.606,,,,,,,,,,,,,,,,,,,,,,,,,,,,,,,,,,,,,,,,,,172,84.62,86.00,,49.2,,,,,,,,,,494.9,494.9,cpu RAPL package,0.405,,logged,24096,,200.306,vit_throughput_google_vit-base-patch16-224_float32_20260915_231221.txt
vit_benchmark_throughput,diffusers,20260915_231221,SR650a V4,6787P,RTX PRO 6000,ThinkSystem SR650a V4,Intel(R) Xeon(R) 6787P,NVIDIA RTX PRO 6000 Blackwell Server Edition x2,"172 logical, 172 physical, 2 sockets",google/vit-large-patch16-224,ILSVRC/imagenet-1k,"offline throughput sweep (no SLA, no arrival model)",cpu,cpu,bfloat16,int8,"w8a8, int8 weights per output channel, activations quantised per forward, nn.Linear only, torchao 0.18.0",int8,,256,16,"1,4,8,16,32",2,"1,2","bf16,fp32,int8,fp4",,,5,,43,,enabled,,,,,,,,1,,,,,120,,,,,,,23872,,,198.639,10.069,0.0101,,,,120.178,173.510,,,,,,,,,,,,,,,,,,,,,,,,,,,,,,,,,,,,,,,,,,172,85.33,85.83,,49.6,,,,,,,,,,493.6,493.6,cpu RAPL package,0.402,,logged,23872,,198.639,vit_throughput_google_vit-large-patch16-224_bfloat16-int8_20260915_231221.txt
vit_benchmark_throughput,diffusers,20260915_231221,SR650a V4,6787P,RTX PRO 6000,ThinkSystem SR650a V4,Intel(R) Xeon(R) 6787P,NVIDIA RTX PRO 6000 Blackwell Server Edition x2,"172 logical, 172 physical, 2 sockets",google/vit-large-patch16-224,ILSVRC/imagenet-1k,"offline throughput sweep (no SLA, no arrival model)",cpu,cpu,bfloat16,disabled,,bf16,,256,16,"1,4,8,16,32",2,"1,2","bf16,fp32,int8,fp4",,,5,,43,,enabled,,,,,,,,1,,,,,120,,,,,,,17376,,,144.590,13.832,0.0138,,,,120.174,211.188,,,,,,,,,,,,,,,,,,,,,,,,,,,,,,,,,,,,,,,,,,172,83.02,83.59,,48.3,,,,,,,,,,463.5,463.5,cpu RAPL package,0.312,,logged,17376,,144.590,vit_throughput_google_vit-large-patch16-224_bfloat16_20260915_231221.txt
vit_benchmark_throughput,diffusers,20260915_231221,SR650a V4,6787P,RTX PRO 6000,ThinkSystem SR650a V4,Intel(R) Xeon(R) 6787P,NVIDIA RTX PRO 6000 Blackwell Server Edition x2,"172 logical, 172 physical, 2 sockets",google/vit-large-patch16-224,ILSVRC/imagenet-1k,"offline throughput sweep (no SLA, no arrival model)",cpu,cpu,float32,disabled,,fp32,,256,32,"1,4,8,16,32",2,"1,2","bf16,fp32,int8,fp4",,,5,,43,,enabled,,,,,,,,1,,,,,120,,,,,,,7680,,,63.563,31.465,0.0315,,,,120.826,1012.088,,,,,,,,,,,,,,,,,,,,,,,,,,,,,,,,,,,,,,,,,,172,84.72,86.00,,49.3,,,,,,,,,,2499.4,2499.4,cpu RAPL package,0.025,,logged,7680,,63.563,vit_throughput_google_vit-large-patch16-224_float32_20260915_231221.txt
dit_benchmark_throughput,diffusers,20260916_031229,SR650a V4,6787P,RTX PRO 6000,ThinkSystem SR650a V4,Intel(R) Xeon(R) 6787P,NVIDIA RTX PRO 6000 Blackwell Server Edition x2,"172 logical, 172 physical, 2 sockets",Efficient-Large-Model/Sana_1600M_1024px_diffusers,,"offline throughput sweep (no SLA, no arrival model)",cuda,cuda:0,bfloat16,fp8,"w8a8, float8_e4m3 weights per tensor, activations quantised per forward, nn.Linear only, torchao 0.18.0",fp8,disabled (matmul_precision=highest),100,1,"1,2",1,1,"bf16,fp8",1024x1024,20,1,42,86,,enabled,,,,,,,,1,,,,,120,,,,,,,194,,,1.607438,,0.6221,32.149,,,120.689,,,,0.0353,0.5868,5.7,,,,,,,,,,,,,,,,,,,,,,,,,,,,,,,,,,,,,172,5.78,15.65,,3.4,,,93.7,,12.48,385.4,468.7,1986,87,300.6,686.0,gpu NVML board + cpu RAPL package,0.002343,,logged,194,,1.607438,dit_throughput_Efficient-Large-Model_Sana_1600M_1024px_diffusers_bfloat16-fp8_20260916_031229.txt
dit_benchmark_throughput,diffusers,20260916_031229,SR650a V4,6787P,RTX PRO 6000,ThinkSystem SR650a V4,Intel(R) Xeon(R) 6787P,NVIDIA RTX PRO 6000 Blackwell Server Edition x2,"172 logical, 172 physical, 2 sockets",Efficient-Large-Model/Sana_1600M_1024px_diffusers,,"offline throughput sweep (no SLA, no arrival model)",cuda,cuda:0,bfloat16,disabled,,bf16,disabled (matmul_precision=highest),100,1,"1,2",1,1,"bf16,fp8",1024x1024,20,1,42,86,,enabled,,,,,,,,1,,,,,120,,,,,,,147,,,1.220306,,0.8195,24.406,,,120.462,,,,0.0195,0.8000,2.4,,,,,,,,,,,,,,,,,,,,,,,,,,,,,,,,,,,,,172,4.64,14.79,,2.7,,,95.6,,13.33,316.2,466.2,1681,88,302.7,618.9,gpu NVML board + cpu RAPL package,0.001972,,logged,147,,1.220306,dit_throughput_Efficient-Large-Model_Sana_1600M_1024px_diffusers_bfloat16_20260916_031229.txt
dit_benchmark_throughput,diffusers,20260916_031229,SR650a V4,6787P,RTX PRO 6000,ThinkSystem SR650a V4,Intel(R) Xeon(R) 6787P,NVIDIA RTX PRO 6000 Blackwell Server Edition x2,"172 logical, 172 physical, 2 sockets",Efficient-Large-Model/Sana_600M_1024px_diffusers,,"offline throughput sweep (no SLA, no arrival model)",cuda,cuda:0,bfloat16,fp8,"w8a8, float8_e4m3 weights per tensor, activations quantised per forward, nn.Linear only, torchao 0.18.0",fp8,disabled (matmul_precision=highest),100,2,"1,2",1,1,"bf16,fp8",1024x1024,20,1,42,86,,enabled,,,,,,,,1,,,,,120,,,,,,,316,,,2.621828,,0.3814,52.437,,,120.527,,,,0.0243,0.3571,6.4,,,,,,,,,,,,,,,,,,,,,,,,,,,,,,,,,,,,,172,5.82,17.20,,3.4,,,93.3,,13.85,375.4,461.6,1989,88,301.2,676.6,gpu NVML board + cpu RAPL package,0.003875,,logged,316,,2.621828,dit_throughput_Efficient-Large-Model_Sana_600M_1024px_diffusers_bfloat16-fp8_20260916_031229.txt
dit_benchmark_throughput,diffusers,20260916_031229,SR650a V4,6787P,RTX PRO 6000,ThinkSystem SR650a V4,Intel(R) Xeon(R) 6787P,NVIDIA RTX PRO 6000 Blackwell Server Edition x2,"172 logical, 172 physical, 2 sockets",Efficient-Large-Model/Sana_600M_1024px_diffusers,,"offline throughput sweep (no SLA, no arrival model)",cuda,cuda:0,bfloat16,disabled,,bf16,disabled (matmul_precision=highest),100,1,"1,2",1,1,"bf16,fp8",1024x1024,20,1,42,86,,enabled,,,,,,,,1,,,,,120,,,,,,,287,,,2.383243,,0.4196,47.665,,,120.424,,,,0.0236,0.3960,5.6,,,,,,,,,,,,,,,,,,,,,,,,,,,,,,,,,,,,,172,7.98,12.90,,4.6,,,91.9,,11.42,387.9,471.6,2139,87,300.0,687.9,gpu NVML board + cpu RAPL package,0.003465,,logged,287,,2.383243,dit_throughput_Efficient-Large-Model_Sana_600M_1024px_diffusers_bfloat16_20260916_031229.txt
dit_benchmark_throughput,diffusers,20260916_031229,SR650a V4,6787P,RTX PRO 6000,ThinkSystem SR650a V4,Intel(R) Xeon(R) 6787P,NVIDIA RTX PRO 6000 Blackwell Server Edition x2,"172 logical, 172 physical, 2 sockets",PixArt-alpha/PixArt-Sigma-XL-2-1024-MS,,"offline throughput sweep (no SLA, no arrival model)",cuda,cuda:0,bfloat16,fp8,"w8a8, float8_e4m3 weights per tensor, activations quantised per forward, nn.Linear only, torchao 0.18.0",fp8,disabled (matmul_precision=highest),100,1,"1,2",1,1,"bf16,fp8",1024x1024,20,1,42,86,,enabled,,,,,,,,1,,,,,120,,,,,,,92,,,0.762236,,1.3119,15.245,,,120.698,,,,nan,nan,nan,,,,,,,,,,,,,,,,,,,,,,,,,,,,,,,,,,,,,172,3.22,13.59,,1.9,,,98.6,,15.77,376.2,461.3,1963,87,300.8,677.0,gpu NVML board + cpu RAPL package,0.001126,,logged,92,,0.762236,dit_throughput_PixArt-alpha_PixArt-Sigma-XL-2-1024-MS_bfloat16-fp8_20260916_031229.txt
dit_benchmark_throughput,diffusers,20260916_031229,SR650a V4,6787P,RTX PRO 6000,ThinkSystem SR650a V4,Intel(R) Xeon(R) 6787P,NVIDIA RTX PRO 6000 Blackwell Server Edition x2,"172 logical, 172 physical, 2 sockets",PixArt-alpha/PixArt-Sigma-XL-2-1024-MS,,"offline throughput sweep (no SLA, no arrival model)",cuda,cuda:0,bfloat16,disabled,,bf16,disabled (matmul_precision=highest),100,1,"1,2",1,1,"bf16,fp8",1024x1024,20,1,42,86,,enabled,,,,,,,,1,,,,,120,,,,,,,70,,,0.575753,,1.7369,11.515,,,121.580,,,,nan,nan,nan,,,,,,,,,,,,,,,,,,,,,,,,,,,,,,,,,,,,,172,2.91,15.14,,1.7,,,98.6,,16.54,311.2,460.7,1715,88,2460.2,2771.5,gpu NVML board + cpu RAPL package,0.000208,,logged,70,,0.575753,dit_throughput_PixArt-alpha_PixArt-Sigma-XL-2-1024-MS_bfloat16_20260916_031229.txt
dit_benchmark_throughput,diffusers,20260916_031229,SR650a V4,6787P,RTX PRO 6000,ThinkSystem SR650a V4,Intel(R) Xeon(R) 6787P,NVIDIA RTX PRO 6000 Blackwell Server Edition x2,"172 logical, 172 physical, 2 sockets",stabilityai/stable-diffusion-3.5-large,,"offline throughput sweep (no SLA, no arrival model)",cuda,cuda:0,bfloat16,fp8,"w8a8, float8_e4m3 weights per tensor, activations quantised per forward, nn.Linear only, torchao 0.18.0",fp8,disabled (matmul_precision=highest),100,1,"1,2",1,1,"bf16,fp8",1024x1024,20,1,42,86,,enabled,,,,,,,,1,,,,,120,,,,,,,32,,,0.258419,,3.8697,5.168,,,123.830,,,,0.0795,3.7902,2.1,,,,,,,,,,,,,,,,,,,,,,,,,,,,,,,,,,,,,172,1.37,8.77,,0.8,,,99.0,,25.14,371.9,462.6,1744,88,300.4,672.3,gpu NVML board + cpu RAPL package,0.000384,,logged,32,,0.258419,dit_throughput_stabilityai_stable-diffusion-3.5-large_bfloat16-fp8_20260916_031229.txt
dit_benchmark_throughput,diffusers,20260916_031229,SR650a V4,6787P,RTX PRO 6000,ThinkSystem SR650a V4,Intel(R) Xeon(R) 6787P,NVIDIA RTX PRO 6000 Blackwell Server Edition x2,"172 logical, 172 physical, 2 sockets",stabilityai/stable-diffusion-3.5-large,,"offline throughput sweep (no SLA, no arrival model)",cuda,cuda:0,bfloat16,disabled,,bf16,disabled (matmul_precision=highest),100,1,"1,2",1,1,"bf16,fp8",1024x1024,20,1,42,86,,enabled,,,,,,,,1,,,,,120,,,,,,,21,,,0.168152,,5.9470,3.363,,,124.887,,,,5.4209,0.5262,91.2,,,,,,,,,,,,,,,,,,,,,,,,,,,,,,,,,,,,,172,1.26,7.05,,0.7,,,99.5,,32.51,324.4,459.7,1545,87,302.5,626.9,gpu NVML board + cpu RAPL package,0.000268,,logged,21,,0.168152,dit_throughput_stabilityai_stable-diffusion-3.5-large_bfloat16_20260916_031229.txt
dit_benchmark_throughput,diffusers,20260916_031229,SR650a V4,6787P,RTX PRO 6000,ThinkSystem SR650a V4,Intel(R) Xeon(R) 6787P,NVIDIA RTX PRO 6000 Blackwell Server Edition x2,"172 logical, 172 physical, 2 sockets",stabilityai/stable-diffusion-3.5-medium,,"offline throughput sweep (no SLA, no arrival model)",cuda,cuda:0,bfloat16,fp8,"w8a8, float8_e4m3 weights per tensor, activations quantised per forward, nn.Linear only, torchao 0.18.0",fp8,disabled (matmul_precision=highest),100,1,"1,2",1,1,"bf16,fp8",1024x1024,20,1,42,86,,enabled,,,,,,,,1,,,,,120,,,,,,,72,,,0.591107,,1.6917,11.822,,,121.805,,,,0.0611,1.6306,3.6,,,,,,,,,,,,,,,,,,,,,,,,,,,,,,,,,,,,,172,1.89,9.80,,1.1,,,97.8,,19.51,374.1,462.3,1869,88,2448.9,2823.0,gpu NVML board + cpu RAPL package,0.000209,,logged,72,,0.591107,dit_throughput_stabilityai_stable-diffusion-3.5-medium_bfloat16-fp8_20260916_031229.txt
dit_benchmark_throughput,diffusers,20260916_031229,SR650a V4,6787P,RTX PRO 6000,ThinkSystem SR650a V4,Intel(R) Xeon(R) 6787P,NVIDIA RTX PRO 6000 Blackwell Server Edition x2,"172 logical, 172 physical, 2 sockets",stabilityai/stable-diffusion-3.5-medium,,"offline throughput sweep (no SLA, no arrival model)",cuda,cuda:0,bfloat16,disabled,,bf16,disabled (matmul_precision=highest),100,2,"1,2",1,1,"bf16,fp8",1024x1024,20,1,42,86,,enabled,,,,,,,,1,,,,,120,,,,,,,54,,,0.432837,,2.3103,8.657,,,124.758,,,,1.0983,1.2121,47.5,,,,,,,,,,,,,,,,,,,,,,,,,,,,,,,,,,,,,172,1.52,12.56,,0.9,,,98.8,,25.94,331.9,460.9,1575,88,302.4,634.3,gpu NVML board + cpu RAPL package,0.000682,,logged,54,,0.432837,dit_throughput_stabilityai_stable-diffusion-3.5-medium_bfloat16_20260916_031229.txt
dit_benchmark_throughput,diffusers,20260916_044539,SR650a V4,6787P,RTX PRO 6000,ThinkSystem SR650a V4,Intel(R) Xeon(R) 6787P,NVIDIA RTX PRO 6000 Blackwell Server Edition x2,"172 logical, 172 physical, 2 sockets",Efficient-Large-Model/Sana_1600M_1024px_diffusers,,"offline throughput sweep (no SLA, no arrival model)",cpu,cpu,bfloat16,disabled,,bf16,disabled (matmul_precision=highest),30,2,"1,2",4,"1,2,4","bf16,fp8",1024x1024,20,1,42,43,,enabled,,,,,,,,1,,,,,120,,,,,,,24,,,0.155804,,25.6732,3.116,,,154.039,,,,82.7698,-57.0966,322.4,,,,,,,,,,,,,,,,,,,,,,,,,,,,,,,,,,,,,172,157.09,166.32,,91.3,,,,,,,,,,2283.5,2283.5,cpu RAPL package,0.000068,,logged,24,,0.155804,dit_throughput_Efficient-Large-Model_Sana_1600M_1024px_diffusers_bfloat16_20260916_044539.txt
dit_benchmark_throughput,diffusers,20260916_044539,SR650a V4,6787P,RTX PRO 6000,ThinkSystem SR650a V4,Intel(R) Xeon(R) 6787P,NVIDIA RTX PRO 6000 Blackwell Server Edition x2,"172 logical, 172 physical, 2 sockets",Efficient-Large-Model/Sana_600M_1024px_diffusers,,"offline throughput sweep (no SLA, no arrival model)",cpu,cpu,bfloat16,disabled,,bf16,disabled (matmul_precision=highest),30,2,"1,2",4,"1,2,4","bf16,fp8",1024x1024,20,1,42,43,,enabled,,,,,,,,1,,,,,120,,,,,,,48,,,0.340757,,11.7386,6.815,,,140.863,,,,26.8572,-15.1187,228.8,,,,,,,,,,,,,,,,,,,,,,,,,,,,,,,,,,,,,172,148.86,169.42,,86.5,,,,,,,,,,566.0,566.0,cpu RAPL package,0.000602,,logged,48,,0.340757,dit_throughput_Efficient-Large-Model_Sana_600M_1024px_diffusers_bfloat16_20260916_044539.txt
dit_benchmark_throughput,diffusers,20260916_044539,SR650a V4,6787P,RTX PRO 6000,ThinkSystem SR650a V4,Intel(R) Xeon(R) 6787P,NVIDIA RTX PRO 6000 Blackwell Server Edition x2,"172 logical, 172 physical, 2 sockets",PixArt-alpha/PixArt-Sigma-XL-2-1024-MS,,"offline throughput sweep (no SLA, no arrival model)",cpu,cpu,bfloat16,disabled,,bf16,disabled (matmul_precision=highest),30,2,"1,2",4,"1,2,4","bf16,fp8",1024x1024,20,1,42,43,,enabled,,,,,,,,1,,,,,120,,,,,,,16,,,0.112945,,35.4155,2.259,,,141.662,,,,nan,nan,nan,,,,,,,,,,,,,,,,,,,,,,,,,,,,,,,,,,,,,172,151.91,162.37,,88.3,,,,,,,,,,642.0,642.0,cpu RAPL package,0.000176,,logged,16,,0.112945,dit_throughput_PixArt-alpha_PixArt-Sigma-XL-2-1024-MS_bfloat16_20260916_044539.txt
dit_benchmark_throughput,diffusers,20260916_044539,SR650a V4,6787P,RTX PRO 6000,ThinkSystem SR650a V4,Intel(R) Xeon(R) 6787P,NVIDIA RTX PRO 6000 Blackwell Server Edition x2,"172 logical, 172 physical, 2 sockets",stabilityai/stable-diffusion-3.5-large,,"offline throughput sweep (no SLA, no arrival model)",cpu,cpu,bfloat16,disabled,,bf16,disabled (matmul_precision=highest),30,2,"1,2",4,"1,2,4","bf16,fp8",1024x1024,20,1,42,43,,enabled,,,,,,,,1,,,,,120,,,,,,,8,,,0.024081,,166.1044,0.482,,,332.209,,,,638.8340,-472.7296,384.6,,,,,,,,,,,,,,,,,,,,,,,,,,,,,,,,,,,,,172,133.71,160.30,,77.7,,,,,,,,,,582.1,582.1,cpu RAPL package,0.000041,,logged,8,,0.024081,dit_throughput_stabilityai_stable-diffusion-3.5-large_bfloat16_20260916_044539.txt
dit_benchmark_throughput,diffusers,20260916_044539,SR650a V4,6787P,RTX PRO 6000,ThinkSystem SR650a V4,Intel(R) Xeon(R) 6787P,NVIDIA RTX PRO 6000 Blackwell Server Edition x2,"172 logical, 172 physical, 2 sockets",stabilityai/stable-diffusion-3.5-medium,,"offline throughput sweep (no SLA, no arrival model)",cpu,cpu,bfloat16,disabled,,bf16,disabled (matmul_precision=highest),30,1,"1,2",4,"1,2,4","bf16,fp8",1024x1024,20,1,42,43,,enabled,,,,,,,,1,,,,,120,,,,,,,8,,,0.058162,,68.7732,1.163,,,137.546,,,,249.3772,-180.6040,362.6,,,,,,,,,,,,,,,,,,,,,,,,,,,,,,,,,,,,,172,149.85,163.23,,87.1,,,,,,,,,,599.9,599.9,cpu RAPL package,0.000097,,logged,8,,0.058162,dit_throughput_stabilityai_stable-diffusion-3.5-medium_bfloat16_20260916_044539.txt
server_dit_benchmark,diffusers,20260916_144737,SR650a V4,6787P,RTX PRO 6000,ThinkSystem SR650a V4,Intel(R) Xeon(R) 6787P,NVIDIA RTX PRO 6000 Blackwell Server Edition x2,"172 logical, 172 physical, 2 sockets",Efficient-Large-Model/Sana_600M_1024px_diffusers,byliutao/coco2014val_10k (prompts),,cuda,cuda:0,bfloat16,disabled,,bf16,disabled,,1,,1,,,1024x1024,20,,42,43,43-85,enabled,torch.compile on the transformer submodule,,,,,30,95,1,full pipeline resident on GPU,interactive,,30,,0,,,200 scored + 10 warmup per level,2x SLA queued (60 s),enabled,,,,1.89323,7963.2,7.9632,,,,,,,,,,,2.41971,0.4133,0.421,0.0001,7.56,8.22,,,2.14204,128.523,7711.4,0.885,1.89323,100.0,81.3,17.06,200,0,7700.1,11795.6,12603.2,13495.9,13868.8,2007.6,1.00,25,1.525,1.9,,12080.5,532.1,0.5,53.1,354.0,106.7,3.4,,3.85,4.82,,2.2,,,89.1,,11.34,290.4,305.3,1769,86,2796.1,3086.6,gpu NVML board + cpu RAPL package,0.000613,1630.3,logged,,,1.89323,server_dit_Efficient-Large-Model_Sana_600M_1024px_diffusers_bfloat16_cuda1r_20260916_144737.txt
server_dit_benchmark,diffusers,20260916_150025,SR650a V4,6787P,RTX PRO 6000,ThinkSystem SR650a V4,Intel(R) Xeon(R) 6787P,NVIDIA RTX PRO 6000 Blackwell Server Edition x2,"172 logical, 172 physical, 2 sockets",Efficient-Large-Model/Sana_600M_1024px_diffusers,byliutao/coco2014val_10k (prompts),,cuda,cuda:0,bfloat16,fp8,"w8a8, float8_e4m3 weights per tensor, activations quantised per forward, nn.Linear only, torchao 0.18.0",fp8,disabled,,1,,1,,,1024x1024,20,,42,43,43-85,enabled,torch.compile on the transformer submodule,,,,,30,95,1,full pipeline resident on GPU,interactive,,30,,0,,,200 scored + 10 warmup per level,2x SLA queued (60 s),enabled,,,,1.97510,9198.4,9.1984,,,,,,,,,,,2.39040,0.4183,0.420,0.0000,7.33,7.98,,,2.29522,137.713,8262.8,0.960,1.97510,100.0,90.0,21.11,200,0,8961.9,13625.7,14339.6,15230.7,15600.6,5462.7,1.00,31,1.563,1.7,,13849.1,514.3,0.4,51.9,337.2,102.9,3.4,,3.95,4.64,,2.3,,,81.7,,10.84,295.2,325.7,1831,86,304.1,599.3,gpu NVML board + cpu RAPL package,0.003296,303.4,logged,,,1.97510,server_dit_Efficient-Large-Model_Sana_600M_1024px_diffusers_bfloat16-fp8_cuda1r_20260916_150025.txt
server_dit_benchmark,diffusers,20260916_151302,SR650a V4,6787P,RTX PRO 6000,ThinkSystem SR650a V4,Intel(R) Xeon(R) 6787P,NVIDIA RTX PRO 6000 Blackwell Server Edition x2,"172 logical, 172 physical, 2 sockets",Efficient-Large-Model/Sana_600M_1024px_diffusers,byliutao/coco2014val_10k (prompts),,cuda,cuda:0,bfloat16,fp4,"w4a4, float4_e2m1 weights, float8_e4m3 scale per 16-value block (NVFP4), activations quantised per forward, nn.Linear only, torchao 0.18.0",fp4,disabled,,1,,1,,,1024x1024,20,,42,43,43-85,enabled,torch.compile on the transformer submodule,,,,,30,95,1,full pipeline resident on GPU,interactive,,30,,0,,,200 scored + 10 warmup per level,2x SLA queued (60 s),enabled,,,,1.94128,8033.5,8.0335,,,,,,,,,,,2.30059,0.4347,0.436,0.0000,7.33,7.81,,,2.20899,132.539,7952.4,0.960,1.94128,100.0,84.0,17.75,200,0,7719.5,11963.5,12720.4,13542.7,13908.2,5675.9,1.00,27,1.539,1.9,,12228.4,524.7,0.4,51.3,344.7,104.6,3.5,,3.90,4.64,,2.3,,,84.7,,10.89,290.9,319.3,1942,87,303.3,594.2,gpu NVML board + cpu RAPL package,0.003267,306.1,logged,,,1.94128,server_dit_Efficient-Large-Model_Sana_600M_1024px_diffusers_bfloat16-fp4_cuda1r_20260916_151302.txt
server_dit_benchmark,diffusers,20260916_152605,SR650a V4,6787P,RTX PRO 6000,ThinkSystem SR650a V4,Intel(R) Xeon(R) 6787P,NVIDIA RTX PRO 6000 Blackwell Server Edition x2,"172 logical, 172 physical, 2 sockets",Efficient-Large-Model/Sana_1600M_1024px_diffusers,byliutao/coco2014val_10k (prompts),,cuda,cuda:0,bfloat16,disabled,,bf16,disabled,,1,,1,,,1024x1024,20,,42,43,43-85,enabled,torch.compile on the transformer submodule,,,,,30,95,1,full pipeline resident on GPU,interactive,,30,,0,,,200 scored + 10 warmup per level,2x SLA queued (60 s),enabled,,,,1.12520,8926.6,8.9266,,,,,,,,,,,1.49265,0.6700,0.673,0.0000,9.20,10.18,,,1.20864,72.518,4351.1,0.810,1.12520,100.0,47.0,10.79,200,0,8544.1,12575.5,14019.6,15150.2,15784.3,2095.5,1.00,17,1.261,1.8,,13152.3,889.3,0.5,49.4,711.7,107.8,3.6,,2.64,3.96,,1.5,,,94.4,,13.18,289.2,336.4,1606,89,303.7,592.9,gpu NVML board + cpu RAPL package,0.001898,527.0,logged,,,1.12520,server_dit_Efficient-Large-Model_Sana_1600M_1024px_diffusers_bfloat16_cuda1r_20260916_152605.txt
server_dit_benchmark,diffusers,20260916_154357,SR650a V4,6787P,RTX PRO 6000,ThinkSystem SR650a V4,Intel(R) Xeon(R) 6787P,NVIDIA RTX PRO 6000 Blackwell Server Edition x2,"172 logical, 172 physical, 2 sockets",Efficient-Large-Model/Sana_1600M_1024px_diffusers,byliutao/coco2014val_10k (prompts),,cuda,cuda:0,bfloat16,fp8,"w8a8, float8_e4m3 weights per tensor, activations quantised per forward, nn.Linear only, torchao 0.18.0",fp8,disabled,,1,,1,,,1024x1024,20,,42,43,43-85,enabled,torch.compile on the transformer submodule,,,,,30,95,1,full pipeline resident on GPU,interactive,,30,,0,,,200 scored + 10 warmup per level,2x SLA queued (60 s),enabled,,,,1.29246,6155.7,6.1557,,,,,,,,,,,1.67718,0.5962,0.600,0.0000,9.26,9.36,,,1.35806,81.483,4889.0,0.810,1.29246,100.0,49.1,8.36,200,0,5823.7,9053.0,9446.5,10263.9,10830.3,1864.9,1.00,13,1.072,2.1,,8709.3,778.3,0.5,49.5,599.9,107.1,3.6,,2.90,3.96,,1.7,,,91.0,,12.35,292.7,314.4,1666,86,303.2,595.9,gpu NVML board + cpu RAPL package,0.002169,461.0,logged,,,1.29246,server_dit_Efficient-Large-Model_Sana_1600M_1024px_diffusers_bfloat16-fp8_cuda1r_20260916_154357.txt
server_dit_benchmark,diffusers,20260916_155953,SR650a V4,6787P,RTX PRO 6000,ThinkSystem SR650a V4,Intel(R) Xeon(R) 6787P,NVIDIA RTX PRO 6000 Blackwell Server Edition x2,"172 logical, 172 physical, 2 sockets",Efficient-Large-Model/Sana_1600M_1024px_diffusers,byliutao/coco2014val_10k (prompts),,cuda,cuda:0,bfloat16,fp4,"w4a4, float4_e2m1 weights, float8_e4m3 scale per 16-value block (NVFP4), activations quantised per forward, nn.Linear only, torchao 0.18.0",fp4,disabled,,1,,1,,,1024x1024,20,,42,43,43-85,enabled,torch.compile on the transformer submodule,,,,,30,95,1,full pipeline resident on GPU,interactive,,30,,0,,,200 scored + 10 warmup per level,2x SLA queued (60 s),enabled,,,,1.33980,8004.9,8.0049,,,,,,,,,,,1.71430,0.5833,0.585,0.0000,9.27,9.00,,,1.45715,87.429,5245.8,0.850,1.33980,100.0,55.4,11.66,200,0,7630.8,11856.2,13085.3,14174.0,14722.6,2236.1,1.00,19,1.399,1.9,,12342.2,749.6,0.4,51.4,573.3,106.4,3.6,,3.00,4.13,,1.7,,,90.9,,12.00,293.9,378.3,1723,88,303.0,596.9,gpu NVML board + cpu RAPL package,0.002245,445.5,logged,,,1.33980,server_dit_Efficient-Large-Model_Sana_1600M_1024px_diffusers_bfloat16-fp4_cuda1r_20260916_155953.txt
server_dit_benchmark,diffusers,20260916_161738,SR650a V4,6787P,RTX PRO 6000,ThinkSystem SR650a V4,Intel(R) Xeon(R) 6787P,NVIDIA RTX PRO 6000 Blackwell Server Edition x2,"172 logical, 172 physical, 2 sockets",PixArt-alpha/PixArt-Sigma-XL-2-1024-MS,byliutao/coco2014val_10k (prompts),,cuda,cuda:0,bfloat16,disabled,,bf16,disabled,,1,,1,,,1024x1024,20,,42,43,43-85,enabled,torch.compile on the transformer submodule,,,,,30,95,1,full pipeline resident on GPU,interactive,,30,,0,,,200 scored + 10 warmup per level,2x SLA queued (60 s),enabled,,,,0.54146,14212.4,14.2124,,,,,,,,,,,0.67136,1.4895,1.551,0.0010,18.20,12.61,,,0.57065,34.239,2054.4,0.850,0.54146,100.0,25.2,8.11,200,0,13209.6,21028.9,23135.9,25280.9,26608.7,5713.9,1.00,14,1.164,2.0,,21276.7,1858.8,1.1,35.3,1637.3,145.5,3.3,,1.92,2.75,,1.1,,,97.5,,16.44,289.5,355.9,1657,87,302.9,592.4,gpu NVML board + cpu RAPL package,0.000914,1094.0,logged,,,0.54146,server_dit_PixArt-alpha_PixArt-Sigma-XL-2-1024-MS_bfloat16_cuda1r_20260916_161738.txt
server_dit_benchmark,diffusers,20260916_165225,SR650a V4,6787P,RTX PRO 6000,ThinkSystem SR650a V4,Intel(R) Xeon(R) 6787P,NVIDIA RTX PRO 6000 Blackwell Server Edition x2,"172 logical, 172 physical, 2 sockets",PixArt-alpha/PixArt-Sigma-XL-2-1024-MS,byliutao/coco2014val_10k (prompts),,cuda,cuda:0,bfloat16,fp8,"w8a8, float8_e4m3 weights per tensor, activations quantised per forward, nn.Linear only, torchao 0.18.0",fp8,disabled,,1,,1,,,1024x1024,20,,42,43,43-85,enabled,torch.compile on the transformer submodule,,,,,30,95,1,full pipeline resident on GPU,interactive,,30,,0,,,200 scored + 10 warmup per level,2x SLA queued (60 s),enabled,,,,0.62820,12083.1,12.0831,,,,,,,,,,,0.81197,1.2316,1.251,0.0001,18.18,12.04,,,0.65747,39.448,2366.9,0.810,0.62820,100.0,27.7,7.94,200,0,11767.4,18111.6,18605.2,19992.4,21320.7,3852.4,1.00,13,1.035,2.1,,17034.1,1599.3,0.6,39.5,1384.7,136.7,3.3,,1.91,2.41,,1.1,,,96.3,,15.64,288.8,335.2,1666,87,303.1,591.9,gpu NVML board + cpu RAPL package,0.001061,942.2,logged,,,0.62820,server_dit_PixArt-alpha_PixArt-Sigma-XL-2-1024-MS_bfloat16-fp8_cuda1r_20260916_165225.txt
server_dit_benchmark,diffusers,20260916_172447,SR650a V4,6787P,RTX PRO 6000,ThinkSystem SR650a V4,Intel(R) Xeon(R) 6787P,NVIDIA RTX PRO 6000 Blackwell Server Edition x2,"172 logical, 172 physical, 2 sockets",PixArt-alpha/PixArt-Sigma-XL-2-1024-MS,byliutao/coco2014val_10k (prompts),,cuda,cuda:0,bfloat16,fp4,"w4a4, float4_e2m1 weights, float8_e4m3 scale per 16-value block (NVFP4), activations quantised per forward, nn.Linear only, torchao 0.18.0",fp4,disabled,,1,,1,,,1024x1024,20,,42,43,43-85,enabled,torch.compile on the transformer submodule,,,,,30,95,1,full pipeline resident on GPU,interactive,,30,,0,,,200 scored + 10 warmup per level,2x SLA queued (60 s),enabled,,,,0.63707,12576.5,12.5765,,,,,,,,,,,0.82653,1.2099,1.213,0.0000,18.31,11.79,,,0.66927,40.156,2409.4,0.810,0.63707,100.0,28.5,8.42,200,0,11917.4,18368.9,19217.8,20772.8,21982.5,3784.2,1.00,13,1.060,1.9,,17659.7,1568.0,0.5,40.2,1361.8,136.7,3.6,,1.93,3.44,,1.1,,,96.5,,15.41,288.4,328.4,1718,86,303.3,591.7,gpu NVML board + cpu RAPL package,0.001077,928.8,logged,,,0.63707,server_dit_PixArt-alpha_PixArt-Sigma-XL-2-1024-MS_bfloat16-fp4_cuda1r_20260916_172447.txt
server_dit_benchmark,diffusers,20260916_175627,SR650a V4,6787P,RTX PRO 6000,ThinkSystem SR650a V4,Intel(R) Xeon(R) 6787P,NVIDIA RTX PRO 6000 Blackwell Server Edition x2,"172 logical, 172 physical, 2 sockets",stabilityai/stable-diffusion-3.5-medium,byliutao/coco2014val_10k (prompts),,cuda,cuda:0,bfloat16,disabled,,bf16,disabled,,1,,1,,,1024x1024,20,,42,43,43-85,enabled,torch.compile on the transformer submodule,,,,,30,95,1,full pipeline resident on GPU,interactive,,30,,0,,,200 scored + 10 warmup per level,2x SLA queued (60 s),enabled,,,,0.38079,13583.9,13.5839,,,,,,,,,,,0.48917,2.0443,2.142,0.0013,15.31,17.61,,,0.39610,23.766,1426.0,0.810,0.38079,100.0,17.3,5.38,200,0,13940.1,22665.3,24804.6,27571.6,28847.9,6399.8,1.00,11,0.717,2.0,,22267.6,2574.2,0.5,40.2,2301.8,133.5,3.1,,1.26,2.06,,0.7,,,93.9,,21.52,287.9,442.8,1614,88,1302.4,1590.2,gpu NVML board + cpu RAPL package,0.000239,4176.1,logged,,,0.38079,server_dit_stabilityai_stable-diffusion-3.5-medium_bfloat16_cuda1r_20260916_175627.txt
server_dit_benchmark,diffusers,20260916_184742,SR650a V4,6787P,RTX PRO 6000,ThinkSystem SR650a V4,Intel(R) Xeon(R) 6787P,NVIDIA RTX PRO 6000 Blackwell Server Edition x2,"172 logical, 172 physical, 2 sockets",stabilityai/stable-diffusion-3.5-medium,byliutao/coco2014val_10k (prompts),,cuda,cuda:0,bfloat16,fp8,"w8a8, float8_e4m3 weights per tensor, activations quantised per forward, nn.Linear only, torchao 0.18.0",fp8,disabled,,1,,1,,,1024x1024,20,,42,43,43-85,enabled,torch.compile on the transformer submodule,,,,,30,95,1,full pipeline resident on GPU,interactive,,30,,0,,,200 scored + 10 warmup per level,2x SLA queued (60 s),enabled,,,,0.47055,11167.0,11.1670,,,,,,,,,,,0.63455,1.5759,1.614,0.0002,18.09,15.51,,,0.48947,29.368,1762.1,0.771,0.47055,100.0,20.2,5.47,200,0,12186.4,18037.3,19523.9,22172.1,23216.7,4234.9,1.00,10,0.796,2.1,,17455.7,2102.0,0.5,43.7,1832.6,135.1,3.2,,1.33,2.06,,0.8,,,92.0,,19.38,284.7,408.2,1625,88,919.8,1204.6,gpu NVML board + cpu RAPL package,0.000391,2559.9,logged,,,0.47055,server_dit_stabilityai_stable-diffusion-3.5-medium_bfloat16-fp8_cuda1r_20260916_184742.txt
server_dit_benchmark,diffusers,20260916_192709,SR650a V4,6787P,RTX PRO 6000,ThinkSystem SR650a V4,Intel(R) Xeon(R) 6787P,NVIDIA RTX PRO 6000 Blackwell Server Edition x2,"172 logical, 172 physical, 2 sockets",stabilityai/stable-diffusion-3.5-medium,byliutao/coco2014val_10k (prompts),,cuda,cuda:0,bfloat16,fp4,"w4a4, float4_e2m1 weights, float8_e4m3 scale per 16-value block (NVFP4), activations quantised per forward, nn.Linear only, torchao 0.18.0",fp4,disabled,,1,,1,,,1024x1024,20,,42,43,43-85,enabled,torch.compile on the transformer submodule,,,,,30,95,1,full pipeline resident on GPU,interactive,,30,,0,,,200 scored + 10 warmup per level,2x SLA queued (60 s),enabled,,,,0.53172,15339.7,15.3397,,,,,,,,,,,0.72436,1.3805,1.383,0.0000,17.21,14.65,,,0.55875,33.525,2011.5,0.771,0.53172,100.0,25.3,8.57,200,0,14630.7,22266.2,23260.0,25028.2,26521.8,3709.3,1.00,14,1.057,1.9,,21393.0,1899.8,0.5,46.1,1660.6,136.4,3.4,,1.41,2.06,,0.8,,,94.9,,18.44,287.0,355.0,1622,88,303.0,589.9,gpu NVML board + cpu RAPL package,0.000901,1109.5,logged,,,0.53172,server_dit_stabilityai_stable-diffusion-3.5-medium_bfloat16-fp4_cuda1r_20260916_192709.txt
server_dit_benchmark,diffusers,20260916_200411,SR650a V4,6787P,RTX PRO 6000,ThinkSystem SR650a V4,Intel(R) Xeon(R) 6787P,NVIDIA RTX PRO 6000 Blackwell Server Edition x2,"172 logical, 172 physical, 2 sockets",stabilityai/stable-diffusion-3.5-large,byliutao/coco2014val_10k (prompts),,cuda,cuda:0,bfloat16,disabled,,bf16,disabled,,1,,1,,,1024x1024,20,,42,43,43-85,enabled,torch.compile on the transformer submodule,,,,,30,95,1,full pipeline resident on GPU,interactive,,30,,0,,,200 scored + 10 warmup per level,2x SLA queued (60 s),enabled,,,,0.11267,11717.5,11.7175,,,,,,,,,,,0.18182,5.4998,5.930,0.0043,14.21,28.52,,,0.11701,7.021,421.2,0.644,0.10873,96.5,4.9,1.37,200,0,9020.2,24880.8,28854.6,34972.5,42940.2,10485.6,1.00,6,0.664,2.2,,22435.9,6501.0,0.6,21.8,5399.6,125.7,3.2,,0.73,1.89,,0.4,,,62.9,,32.44,263.5,461.8,1943,89,596.5,860.0,gpu NVML board + cpu RAPL package,0.000131,7632.6,logged,,,0.11267,server_dit_stabilityai_stable-diffusion-3.5-large_bfloat16_cuda1r_20260916_200411.txt
server_dit_benchmark,diffusers,20260916_215504,SR650a V4,6787P,RTX PRO 6000,ThinkSystem SR650a V4,Intel(R) Xeon(R) 6787P,NVIDIA RTX PRO 6000 Blackwell Server Edition x2,"172 logical, 172 physical, 2 sockets",stabilityai/stable-diffusion-3.5-large,byliutao/coco2014val_10k (prompts),,cuda,cuda:0,bfloat16,fp8,"w8a8, float8_e4m3 weights per tensor, activations quantised per forward, nn.Linear only, torchao 0.18.0",fp8,disabled,,1,,1,,,1024x1024,20,,42,43,43-85,enabled,torch.compile on the transformer submodule,,,,,30,95,1,full pipeline resident on GPU,interactive,,30,,0,,,200 scored + 10 warmup per level,2x SLA queued (60 s),enabled,,,,0.17828,11881.8,11.8818,,,,,,,,,,,0.28784,3.4741,3.503,0.0000,34.68,20.67,,,0.18523,11.114,666.8,0.644,0.17383,97.5,7.8,2.20,200,0,10461.5,23604.7,25779.6,32187.9,36506.3,6610.1,1.00,7,0.725,2.2,,21211.0,4721.4,0.6,27.8,4149.1,129.2,3.2,,0.93,1.89,,0.5,,,76.6,,25.01,275.7,456.8,1769,88,535.9,811.6,gpu NVML board + cpu RAPL package,0.000220,4552.3,logged,,,0.17828,server_dit_stabilityai_stable-diffusion-3.5-large_bfloat16-fp8_cuda1r_20260916_215504.txt
server_dit_benchmark,diffusers,20260916_230616,SR650a V4,6787P,RTX PRO 6000,ThinkSystem SR650a V4,Intel(R) Xeon(R) 6787P,NVIDIA RTX PRO 6000 Blackwell Server Edition x2,"172 logical, 172 physical, 2 sockets",stabilityai/stable-diffusion-3.5-large,byliutao/coco2014val_10k (prompts),,cuda,cuda:0,bfloat16,fp4,"w4a4, float4_e2m1 weights, float8_e4m3 scale per 16-value block (NVFP4), activations quantised per forward, nn.Linear only, torchao 0.18.0",fp4,disabled,,1,,1,,,1024x1024,20,,42,43,43-85,enabled,torch.compile on the transformer submodule,,,,,30,95,1,full pipeline resident on GPU,interactive,,30,,0,,,200 scored + 10 warmup per level,2x SLA queued (60 s),enabled,,,,0.24119,14441.3,14.4413,,,,,,,,,,,0.35828,2.7911,2.802,0.0000,31.92,17.73,,,0.25079,15.048,902.9,0.700,0.23516,97.5,11.1,3.62,200,0,14614.9,25559.0,27251.4,30911.4,33069.4,6047.5,1.00,8,0.974,2.0,,23466.5,3872.5,0.6,36.6,3505.5,131.8,3.4,,1.10,2.06,,0.6,,,86.9,,21.49,287.4,452.5,1660,88,618.7,906.1,gpu NVML board + cpu RAPL package,0.000266,3756.8,logged,,,0.24119,server_dit_stabilityai_stable-diffusion-3.5-large_bfloat16-fp4_cuda1r_20260916_230616.txt
server_dit_benchmark,diffusers,20260916_235542,SR650a V4,6787P,RTX PRO 6000,ThinkSystem SR650a V4,Intel(R) Xeon(R) 6787P,NVIDIA RTX PRO 6000 Blackwell Server Edition x2,"172 logical, 172 physical, 2 sockets",Efficient-Large-Model/Sana_600M_1024px_diffusers,byliutao/coco2014val_10k (prompts),,cuda,"cuda:0,cuda:1",bfloat16,disabled,,bf16,disabled,,1,,2,,,1024x1024,20,,42,43,"43-85,129-171",enabled,torch.compile on the transformer submodule,,,,,30,95,1,full pipeline resident on GPU,interactive,,30,,0,,,200 scored + 10 warmup per level,2x SLA queued (60 s),enabled,,,,3.71837,8270.8,8.2708,,,,,,,,,,,4.85439,0.4120,0.418,0.0001,7.29,8.22,,,5.08077,304.846,18290.8,1.047,3.71837,100.0,194.4,42.02,200,0,7864.7,13222.4,13678.7,14380.6,14479.1,inf,1.00,52,1.795,1.6,,13168.9,542.6,1.8,51.9,359.2,109.6,3.4,,7.52,7.91,,4.4,,,90.4,,22.76,572.1,595.9,1730,86,316.0,888.1,gpu NVML board + cpu RAPL package,0.004187,238.9,logged,,,3.71837,server_dit_Efficient-Large-Model_Sana_600M_1024px_diffusers_bfloat16_cuda2r_20260916_235542.txt
server_dit_benchmark,diffusers,20260917_000333,SR650a V4,6787P,RTX PRO 6000,ThinkSystem SR650a V4,Intel(R) Xeon(R) 6787P,NVIDIA RTX PRO 6000 Blackwell Server Edition x2,"172 logical, 172 physical, 2 sockets",Efficient-Large-Model/Sana_600M_1024px_diffusers,byliutao/coco2014val_10k (prompts),,cuda,"cuda:0,cuda:1",bfloat16,fp8,"w8a8, float8_e4m3 weights per tensor, activations quantised per forward, nn.Linear only, torchao 0.18.0",fp8,disabled,,1,,2,,,1024x1024,20,,42,43,"43-85,129-171",enabled,torch.compile on the transformer submodule,,,,,30,95,1,full pipeline resident on GPU,interactive,,30,,0,,,200 scored + 10 warmup per level,2x SLA queued (60 s),enabled,,,,3.84829,7867.4,7.8674,,,,,,,,,,,4.76257,0.4199,0.425,0.0000,7.55,7.98,,,5.21713,313.028,18781.7,1.095,3.84829,100.0,197.6,41.05,200,0,7508.5,12549.1,12990.6,13678.7,13804.5,inf,1.00,52,1.798,1.8,,12475.1,524.3,0.4,52.7,343.2,107.0,3.4,,7.71,7.91,,4.5,,,77.9,,21.75,576.8,600.7,1794,87,5336.8,5913.6,gpu NVML board + cpu RAPL package,0.000651,1536.7,logged,,,3.84829,server_dit_Efficient-Large-Model_Sana_600M_1024px_diffusers_bfloat16-fp8_cuda2r_20260917_000333.txt
server_dit_benchmark,diffusers,20260917_002136,SR650a V4,6787P,RTX PRO 6000,ThinkSystem SR650a V4,Intel(R) Xeon(R) 6787P,NVIDIA RTX PRO 6000 Blackwell Server Edition x2,"172 logical, 172 physical, 2 sockets",Efficient-Large-Model/Sana_1600M_1024px_diffusers,byliutao/coco2014val_10k (prompts),,cuda,"cuda:0,cuda:1",bfloat16,disabled,,bf16,disabled,,1,,2,,,1024x1024,20,,42,43,"43-85,129-171",enabled,torch.compile on the transformer submodule,,,,,30,95,1,full pipeline resident on GPU,interactive,,30,,0,,,200 scored + 10 warmup per level,2x SLA queued (60 s),enabled,,,,2.28142,7850.1,7.8501,,,,,,,,,,,3.01275,0.6638,0.667,0.0000,9.16,10.18,,,2.66702,160.021,9601.3,0.885,2.28142,100.0,100.9,20.94,200,0,7518.0,11662.2,12409.3,13282.7,13546.3,1866.2,1.00,29,1.601,2.1,,11564.8,879.8,2.1,48.0,697.1,106.1,3.6,,5.36,7.91,,3.1,,,94.1,,26.51,596.9,617.6,1639,86,315.9,912.8,gpu NVML board + cpu RAPL package,0.002499,400.1,logged,,,2.28142,server_dit_Efficient-Large-Model_Sana_1600M_1024px_diffusers_bfloat16_cuda2r_20260917_002136.txt
server_dit_benchmark,diffusers,20260917_003231,SR650a V4,6787P,RTX PRO 6000,ThinkSystem SR650a V4,Intel(R) Xeon(R) 6787P,NVIDIA RTX PRO 6000 Blackwell Server Edition x2,"172 logical, 172 physical, 2 sockets",Efficient-Large-Model/Sana_1600M_1024px_diffusers,byliutao/coco2014val_10k (prompts),,cuda,"cuda:0,cuda:1",bfloat16,fp8,"w8a8, float8_e4m3 weights per tensor, activations quantised per forward, nn.Linear only, torchao 0.18.0",fp8,disabled,,1,,2,,,1024x1024,20,,42,43,"43-85,129-171",enabled,torch.compile on the transformer submodule,,,,,30,95,1,full pipeline resident on GPU,interactive,,30,,0,,,200 scored + 10 warmup per level,2x SLA queued (60 s),enabled,,,,2.50823,8511.8,8.5118,,,,,,,,,,,3.43319,0.5825,0.585,0.0000,9.24,9.36,,,3.03922,182.353,10941.2,0.885,2.50823,100.0,117.0,25.87,200,0,8169.3,12856.7,13619.9,14522.3,14904.4,1637.7,1.00,36,1.683,1.7,,12822.4,809.5,1.6,49.5,615.7,110.1,3.6,,5.69,7.74,,3.3,,,91.9,,24.83,573.6,603.5,1631,86,316.1,889.7,gpu NVML board + cpu RAPL package,0.002819,354.7,logged,,,2.50823,server_dit_Efficient-Large-Model_Sana_1600M_1024px_diffusers_bfloat16-fp8_cuda2r_20260917_003231.txt
server_dit_benchmark,diffusers,20260917_005302,SR650a V4,6787P,RTX PRO 6000,ThinkSystem SR650a V4,Intel(R) Xeon(R) 6787P,NVIDIA RTX PRO 6000 Blackwell Server Edition x2,"172 logical, 172 physical, 2 sockets",PixArt-alpha/PixArt-Sigma-XL-2-1024-MS,byliutao/coco2014val_10k (prompts),,cuda,"cuda:0,cuda:1",bfloat16,disabled,,bf16,disabled,,1,,2,,,1024x1024,20,,42,43,"43-85,129-171",enabled,torch.compile on the transformer submodule,,,,,30,95,1,full pipeline resident on GPU,interactive,,30,,0,,,200 scored + 10 warmup per level,2x SLA queued (60 s),enabled,,,,1.08826,8127.4,8.1274,,,,,,,,,,,1.42312,1.4054,1.410,0.0000,19.50,12.61,,,1.15234,69.140,4148.4,0.810,1.08826,100.0,43.9,9.37,200,0,7744.8,11489.4,12366.3,13334.6,14211.9,2743.3,1.00,13,1.115,1.9,,10530.3,1849.6,0.5,34.7,1618.9,145.0,3.3,,3.85,5.50,,2.2,,,97.1,,32.98,592.4,686.1,1674,88,315.7,908.1,gpu NVML board + cpu RAPL package,0.001198,834.4,logged,,,1.08826,server_dit_PixArt-alpha_PixArt-Sigma-XL-2-1024-MS_bfloat16_cuda2r_20260917_005302.txt
server_dit_benchmark,diffusers,20260917_011209,SR650a V4,6787P,RTX PRO 6000,ThinkSystem SR650a V4,Intel(R) Xeon(R) 6787P,NVIDIA RTX PRO 6000 Blackwell Server Edition x2,"172 logical, 172 physical, 2 sockets",PixArt-alpha/PixArt-Sigma-XL-2-1024-MS,byliutao/coco2014val_10k (prompts),,cuda,"cuda:0,cuda:1",bfloat16,fp8,"w8a8, float8_e4m3 weights per tensor, activations quantised per forward, nn.Linear only, torchao 0.18.0",fp8,disabled,,1,,2,,,1024x1024,20,,42,43,"43-85,129-171",enabled,torch.compile on the transformer submodule,,,,,30,95,1,full pipeline resident on GPU,interactive,,30,,0,,,200 scored + 10 warmup per level,2x SLA queued (60 s),enabled,,,,1.26161,8768.5,8.7685,,,,,,,,,,,1.68852,1.1845,1.190,0.0000,18.32,12.04,,,1.36724,82.035,4922.1,0.810,1.26161,100.0,53.0,11.99,200,0,8430.6,11953.9,13383.2,14646.9,14817.5,2312.1,1.00,17,1.273,1.9,,11843.6,1588.8,0.5,39.2,1370.9,134.7,3.4,,3.85,4.99,,2.2,,,95.9,,31.42,592.7,673.5,1687,87,315.8,908.5,gpu NVML board + cpu RAPL package,0.001389,720.1,logged,,,1.26161,server_dit_PixArt-alpha_PixArt-Sigma-XL-2-1024-MS_bfloat16-fp8_cuda2r_20260917_011209.txt
server_dit_benchmark,diffusers,20260917_013453,SR650a V4,6787P,RTX PRO 6000,ThinkSystem SR650a V4,Intel(R) Xeon(R) 6787P,NVIDIA RTX PRO 6000 Blackwell Server Edition x2,"172 logical, 172 physical, 2 sockets",PixArt-alpha/PixArt-Sigma-XL-2-1024-MS,byliutao/coco2014val_10k (prompts),,cuda,"cuda:0,cuda:1",bfloat16,fp4,"w4a4, float4_e2m1 weights, float8_e4m3 scale per 16-value block (NVFP4), activations quantised per forward, nn.Linear only, torchao 0.18.0",fp4,disabled,,1,,2,,,1024x1024,20,,42,43,"43-85,129-171",enabled,torch.compile on the transformer submodule,,,,,30,95,1,full pipeline resident on GPU,interactive,,30,,0,,,200 scored + 10 warmup per level,2x SLA queued (60 s),enabled,,,,1.29477,7447.9,7.4479,,,,,,,,,,,1.70276,1.1746,1.178,0.0000,19.34,11.79,,,1.37877,82.726,4963.6,0.810,1.29477,100.0,51.6,10.27,200,0,7103.2,10322.6,11270.2,12148.4,13090.5,2292.8,1.00,15,1.177,2.0,,9739.4,1553.9,1.0,39.4,1338.0,135.0,3.6,,3.88,4.99,,2.3,,,96.4,,30.86,596.5,633.9,1745,87,316.2,912.6,gpu NVML board + cpu RAPL package,0.001419,704.9,logged,,,1.29477,server_dit_PixArt-alpha_PixArt-Sigma-XL-2-1024-MS_bfloat16-fp4_cuda2r_20260917_013453.txt
server_dit_benchmark,diffusers,20260917_015346,SR650a V4,6787P,RTX PRO 6000,ThinkSystem SR650a V4,Intel(R) Xeon(R) 6787P,NVIDIA RTX PRO 6000 Blackwell Server Edition x2,"172 logical, 172 physical, 2 sockets",stabilityai/stable-diffusion-3.5-medium,byliutao/coco2014val_10k (prompts),,cuda,"cuda:0,cuda:1",bfloat16,disabled,,bf16,disabled,,1,,2,,,1024x1024,20,,42,43,"43-85,129-171",enabled,torch.compile on the transformer submodule,,,,,30,95,1,full pipeline resident on GPU,interactive,,30,,0,,,200 scored + 10 warmup per level,2x SLA queued (60 s),enabled,,,,0.77433,8532.4,8.5324,,,,,,,,,,,1.04907,1.9064,1.929,0.0001,15.53,17.61,,,0.80921,48.553,2913.2,0.771,0.77433,100.0,31.2,6.90,200,0,9078.0,12877.5,13801.7,14931.5,16236.1,3307.0,1.00,11,0.902,2.0,,11358.3,2591.3,1.9,38.9,2311.1,134.1,3.1,,2.58,3.78,,1.5,,,96.0,,43.18,589.2,721.8,1591,88,1329.9,1919.1,gpu NVML board + cpu RAPL package,0.000403,2478.5,logged,,,0.77433,server_dit_stabilityai_stable-diffusion-3.5-medium_bfloat16_cuda2r_20260917_015346.txt
server_dit_benchmark,diffusers,20260917_021953,SR650a V4,6787P,RTX PRO 6000,ThinkSystem SR650a V4,Intel(R) Xeon(R) 6787P,NVIDIA RTX PRO 6000 Blackwell Server Edition x2,"172 logical, 172 physical, 2 sockets",stabilityai/stable-diffusion-3.5-medium,byliutao/coco2014val_10k (prompts),,cuda,"cuda:0,cuda:1",bfloat16,fp8,"w8a8, float8_e4m3 weights per tensor, activations quantised per forward, nn.Linear only, torchao 0.18.0",fp8,disabled,,1,,2,,,1024x1024,20,,42,43,"43-85,129-171",enabled,torch.compile on the transformer submodule,,,,,30,95,1,full pipeline resident on GPU,interactive,,30,,0,,,200 scored + 10 warmup per level,2x SLA queued (60 s),enabled,,,,0.97526,7881.1,7.8811,,,,,,,,,,,1.32126,1.5137,1.521,0.0000,18.09,15.51,,,1.01917,61.150,3669.0,0.771,0.97526,100.0,38.6,8.03,200,0,7876.3,11605.3,12129.6,12692.4,13650.1,2625.6,1.00,11,0.984,1.9,,10066.5,2093.2,3.1,42.8,1821.3,135.4,3.3,,2.75,3.78,,1.6,,,95.4,,38.89,595.3,682.0,1607,88,1591.9,2187.2,gpu NVML board + cpu RAPL package,0.000446,2242.7,logged,,,0.97526,server_dit_stabilityai_stable-diffusion-3.5-medium_bfloat16-fp8_cuda2r_20260917_021953.txt
server_dit_benchmark,diffusers,20260917_024519,SR650a V4,6787P,RTX PRO 6000,ThinkSystem SR650a V4,Intel(R) Xeon(R) 6787P,NVIDIA RTX PRO 6000 Blackwell Server Edition x2,"172 logical, 172 physical, 2 sockets",stabilityai/stable-diffusion-3.5-medium,byliutao/coco2014val_10k (prompts),,cuda,"cuda:0,cuda:1",bfloat16,fp4,"w4a4, float4_e2m1 weights, float8_e4m3 scale per 16-value block (NVFP4), activations quantised per forward, nn.Linear only, torchao 0.18.0",fp4,disabled,,1,,2,,,1024x1024,20,,42,43,"43-85,129-171",enabled,torch.compile on the transformer submodule,,,,,30,95,1,full pipeline resident on GPU,interactive,,30,,0,,,200 scored + 10 warmup per level,2x SLA queued (60 s),enabled,,,,1.07559,7011.8,7.0118,,,,,,,,,,,1.45702,1.3727,1.382,0.0000,17.26,14.65,,,1.12389,67.434,4046.0,0.771,1.07559,100.0,41.6,7.88,200,0,7129.6,10405.7,10809.0,11475.6,12149.3,2381.0,1.00,11,0.947,1.7,,8961.2,1889.1,1.0,45.2,1628.3,135.3,3.3,,2.81,3.78,,1.6,,,94.7,,36.84,592.0,717.2,1651,89,316.0,907.9,gpu NVML board + cpu RAPL package,0.001185,844.1,logged,,,1.07559,server_dit_stabilityai_stable-diffusion-3.5-medium_bfloat16-fp4_cuda2r_20260917_024519.txt
server_dit_benchmark,diffusers,20260917_030855,SR650a V4,6787P,RTX PRO 6000,ThinkSystem SR650a V4,Intel(R) Xeon(R) 6787P,NVIDIA RTX PRO 6000 Blackwell Server Edition x2,"172 logical, 172 physical, 2 sockets",stabilityai/stable-diffusion-3.5-large,byliutao/coco2014val_10k (prompts),,cuda,"cuda:0,cuda:1",bfloat16,disabled,,bf16,disabled,,1,,2,,,1024x1024,20,,42,43,"43-85,129-171",enabled,torch.compile on the transformer submodule,,,,,30,95,1,full pipeline resident on GPU,interactive,,30,,0,,,200 scored + 10 warmup per level,2x SLA queued (60 s),enabled,,,,0.29481,17015.0,17.0150,,,,,,,,,,,0.41896,4.7738,4.923,0.0004,15.36,28.52,,,0.30786,18.471,1108.3,0.735,0.28597,97.0,14.5,5.24,200,0,18555.5,26728.7,28757.3,32750.1,33995.3,7576.4,1.00,10,0.896,2.0,,22566.9,6623.5,2.3,8.7,6049.4,133.0,3.2,,2.13,3.78,,1.2,,,92.0,,65.10,585.0,889.7,1552,89,701.8,1286.8,gpu NVML board + cpu RAPL package,0.000229,4364.8,logged,,,0.29481,server_dit_stabilityai_stable-diffusion-3.5-large_bfloat16_cuda2r_20260917_030855.txt
server_dit_benchmark,diffusers,20260917_035747,SR650a V4,6787P,RTX PRO 6000,ThinkSystem SR650a V4,Intel(R) Xeon(R) 6787P,NVIDIA RTX PRO 6000 Blackwell Server Edition x2,"172 logical, 172 physical, 2 sockets",stabilityai/stable-diffusion-3.5-large,byliutao/coco2014val_10k (prompts),,cuda,"cuda:0,cuda:1",bfloat16,fp8,"w8a8, float8_e4m3 weights per tensor, activations quantised per forward, nn.Linear only, torchao 0.18.0",fp8,disabled,,1,,2,,,1024x1024,20,,42,43,"43-85,129-171",enabled,torch.compile on the transformer submodule,,,,,30,95,1,full pipeline resident on GPU,interactive,,30,,0,,,200 scored + 10 warmup per level,2x SLA queued (60 s),enabled,,,,0.41625,14003.8,14.0038,,,,,,,,,,,0.59181,3.3794,3.422,0.0001,34.68,20.67,,,0.43487,26.092,1565.5,0.735,0.41625,100.0,19.1,6.09,200,0,15143.2,21654.1,23607.0,25875.3,28063.3,5362.8,1.00,10,0.892,2.1,,18884.2,4780.0,1.6,24.1,4384.2,133.0,3.3,,2.29,3.78,,1.3,,,94.1,,50.14,588.8,828.8,1525,89,861.6,1450.4,gpu NVML board + cpu RAPL package,0.000287,3484.5,logged,,,0.41625,server_dit_stabilityai_stable-diffusion-3.5-large_bfloat16-fp8_cuda2r_20260917_035747.txt
server_dit_benchmark,diffusers,20260917_043730,SR650a V4,6787P,RTX PRO 6000,ThinkSystem SR650a V4,Intel(R) Xeon(R) 6787P,NVIDIA RTX PRO 6000 Blackwell Server Edition x2,"172 logical, 172 physical, 2 sockets",stabilityai/stable-diffusion-3.5-large,byliutao/coco2014val_10k (prompts),,cuda,"cuda:0,cuda:1",bfloat16,fp4,"w4a4, float4_e2m1 weights, float8_e4m3 scale per 16-value block (NVFP4), activations quantised per forward, nn.Linear only, torchao 0.18.0",fp4,disabled,,1,,2,,,1024x1024,20,,42,43,"43-85,129-171",enabled,torch.compile on the transformer submodule,,,,,30,95,1,full pipeline resident on GPU,interactive,,30,,0,,,200 scored + 10 warmup per level,2x SLA queued (60 s),enabled,,,,0.51960,18720.8,18.7208,,,,,,,,,,,0.71905,2.7815,2.810,0.0000,32.97,17.73,,,0.55465,33.279,1996.7,0.771,0.50921,98.0,27.0,10.38,200,0,17941.0,25823.8,28005.7,30223.7,32203.6,4824.7,1.00,15,1.170,2.1,,24219.6,3907.8,2.2,36.3,3592.6,133.3,3.4,,2.43,3.78,,1.4,,,96.7,,42.93,594.5,657.8,1519,88,315.7,910.2,gpu NVML board + cpu RAPL package,0.000571,1751.7,logged,,,0.51960,server_dit_stabilityai_stable-diffusion-3.5-large_bfloat16-fp4_cuda2r_20260917_043730.txt
server_dit_benchmark,diffusers,20260917_051627,SR650a V4,6787P,RTX PRO 6000,ThinkSystem SR650a V4,Intel(R) Xeon(R) 6787P,NVIDIA RTX PRO 6000 Blackwell Server Edition x2,"172 logical, 172 physical, 2 sockets",Efficient-Large-Model/Sana_600M_1024px_diffusers,byliutao/coco2014val_10k (prompts),,cpu,cpu,bfloat16,disabled,,bf16,disabled,,1,,1,,,1024x1024,20,,42,86,0-85,enabled,torch.compile on the transformer submodule,,,,,30,95,1,,interactive,,30,,0,,,50 scored + 10 warmup per level,2x SLA queued (60 s),enabled,,,,,,,,,,,,,,,,,0.03150,31.7496,47.875,0.1125,8.48,,SLA unmet at every level tried,"calibration p95 service time 47.88 s already exceeds the 30 s SLA, so no arrival rate can pass (--force-sweep to measure anyway)",0,0,,,,,0,,,,,,,,,,,,,,,,,,,,,,,,,,,,,,,,,,,,,,,,,logged,,,,server_dit_Efficient-Large-Model_Sana_600M_1024px_diffusers_bfloat16_cpu1r_20260917_051627.txt
server_dit_benchmark,diffusers,20260917_052038,SR650a V4,6787P,RTX PRO 6000,ThinkSystem SR650a V4,Intel(R) Xeon(R) 6787P,NVIDIA RTX PRO 6000 Blackwell Server Edition x2,"172 logical, 172 physical, 2 sockets",Efficient-Large-Model/Sana_1600M_1024px_diffusers,byliutao/coco2014val_10k (prompts),,cpu,cpu,bfloat16,disabled,,bf16,disabled,,1,,1,,,1024x1024,20,,42,86,0-85,enabled,torch.compile on the transformer submodule,,,,,30,95,1,,interactive,,30,,0,,,50 scored + 10 warmup per level,2x SLA queued (60 s),enabled,,,,,,,,,,,,,,,,,0.02313,43.2363,50.746,0.0202,10.38,,SLA unmet at every level tried,"calibration p95 service time 50.75 s already exceeds the 30 s SLA, so no arrival rate can pass (--force-sweep to measure anyway)",0,0,,,,,0,,,,,,,,,,,,,,,,,,,,,,,,,,,,,,,,,,,,,,,,,logged,,,,server_dit_Efficient-Large-Model_Sana_1600M_1024px_diffusers_bfloat16_cpu1r_20260917_052038.txt
server_dit_benchmark,diffusers,20260917_052604,SR650a V4,6787P,RTX PRO 6000,ThinkSystem SR650a V4,Intel(R) Xeon(R) 6787P,NVIDIA RTX PRO 6000 Blackwell Server Edition x2,"172 logical, 172 physical, 2 sockets",PixArt-alpha/PixArt-Sigma-XL-2-1024-MS,byliutao/coco2014val_10k (prompts),,cpu,cpu,bfloat16,disabled,,bf16,disabled,,1,,1,,,1024x1024,20,,42,86,0-85,enabled,torch.compile on the transformer submodule,,,,,30,95,1,,interactive,,30,,0,,,50 scored + 10 warmup per level,2x SLA queued (60 s),enabled,,,,,,,,,,,,,,,,,0.01516,65.9773,70.200,0.0024,19.33,,SLA unmet at every level tried,"calibration p95 service time 70.20 s already exceeds the 30 s SLA, so no arrival rate can pass (--force-sweep to measure anyway)",0,0,,,,,0,,,,,,,,,,,,,,,,,,,,,,,,,,,,,,,,,,,,,,,,,logged,,,,server_dit_PixArt-alpha_PixArt-Sigma-XL-2-1024-MS_bfloat16_cpu1r_20260917_052604.txt
server_dit_benchmark,diffusers,20260917_053429,SR650a V4,6787P,RTX PRO 6000,ThinkSystem SR650a V4,Intel(R) Xeon(R) 6787P,NVIDIA RTX PRO 6000 Blackwell Server Edition x2,"172 logical, 172 physical, 2 sockets",stabilityai/stable-diffusion-3.5-medium,byliutao/coco2014val_10k (prompts),,cpu,cpu,bfloat16,disabled,,bf16,disabled,,1,,1,,,1024x1024,20,,42,86,0-85,enabled,torch.compile on the transformer submodule,,,,,30,95,1,,interactive,,30,,0,,,50 scored + 10 warmup per level,2x SLA queued (60 s),enabled,,,,,,,,,,,,,,,,,0.00706,141.5455,147.949,0.0013,18.64,,SLA unmet at every level tried,"calibration p95 service time 147.95 s already exceeds the 30 s SLA, so no arrival rate can pass (--force-sweep to measure anyway)",0,0,,,,,0,,,,,,,,,,,,,,,,,,,,,,,,,,,,,,,,,,,,,,,,,logged,,,,server_dit_stabilityai_stable-diffusion-3.5-medium_bfloat16_cpu1r_20260917_053429.txt
server_dit_benchmark,diffusers,20260917_055138,SR650a V4,6787P,RTX PRO 6000,ThinkSystem SR650a V4,Intel(R) Xeon(R) 6787P,NVIDIA RTX PRO 6000 Blackwell Server Edition x2,"172 logical, 172 physical, 2 sockets",Efficient-Large-Model/Sana_600M_1024px_diffusers,byliutao/coco2014val_10k (prompts),,cpu,cpu,bfloat16,disabled,,bf16,disabled,,1,,2,,,1024x1024,20,,42,86,0-171,enabled,torch.compile on the transformer submodule,,,,,30,95,1,,interactive,,30,,0,,,50 scored + 10 warmup per level,2x SLA queued (60 s),enabled,,,,,,,,,,,,,,,,,0.06669,29.9905,41.234,0.0585,8.42,,SLA unmet at every level tried,"calibration p95 service time 41.23 s already exceeds the 30 s SLA, so no arrival rate can pass (--force-sweep to measure anyway)",0,0,,,,,0,,,,,,,,,,,,,,,,,,,,,,,,,,,,,,,,,,,,,,,,,logged,,,,server_dit_Efficient-Large-Model_Sana_600M_1024px_diffusers_bfloat16_cpu2r_20260917_055138.txt
server_dit_benchmark,diffusers,20260917_055527,SR650a V4,6787P,RTX PRO 6000,ThinkSystem SR650a V4,Intel(R) Xeon(R) 6787P,NVIDIA RTX PRO 6000 Blackwell Server Edition x2,"172 logical, 172 physical, 2 sockets",Efficient-Large-Model/Sana_1600M_1024px_diffusers,byliutao/coco2014val_10k (prompts),,cpu,cpu,bfloat16,disabled,,bf16,disabled,,1,,2,,,1024x1024,20,,42,86,0-171,enabled,torch.compile on the transformer submodule,,,,,30,95,1,,interactive,,30,,0,,,50 scored + 10 warmup per level,2x SLA queued (60 s),enabled,,,,,,,,,,,,,,,,,0.03762,53.1682,60.255,0.0083,10.32,,SLA unmet at every level tried,"calibration p95 service time 60.26 s already exceeds the 30 s SLA, so no arrival rate can pass (--force-sweep to measure anyway)",0,0,,,,,0,,,,,,,,,,,,,,,,,,,,,,,,,,,,,,,,,,,,,,,,,logged,,,,server_dit_Efficient-Large-Model_Sana_1600M_1024px_diffusers_bfloat16_cpu2r_20260917_055527.txt
server_dit_benchmark,diffusers,20260917_060218,SR650a V4,6787P,RTX PRO 6000,ThinkSystem SR650a V4,Intel(R) Xeon(R) 6787P,NVIDIA RTX PRO 6000 Blackwell Server Edition x2,"172 logical, 172 physical, 2 sockets",PixArt-alpha/PixArt-Sigma-XL-2-1024-MS,byliutao/coco2014val_10k (prompts),,cpu,cpu,bfloat16,disabled,,bf16,disabled,,1,,2,,,1024x1024,20,,42,86,0-171,enabled,torch.compile on the transformer submodule,,,,,30,95,1,,interactive,,30,,0,,,50 scored + 10 warmup per level,2x SLA queued (60 s),enabled,,,,,,,,,,,,,,,,,0.02513,79.5938,88.562,0.0075,18.18,,SLA unmet at every level tried,"calibration p95 service time 88.56 s already exceeds the 30 s SLA, so no arrival rate can pass (--force-sweep to measure anyway)",0,0,,,,,0,,,,,,,,,,,,,,,,,,,,,,,,,,,,,,,,,,,,,,,,,logged,,,,server_dit_PixArt-alpha_PixArt-Sigma-XL-2-1024-MS_bfloat16_cpu2r_20260917_060218.txt
server_dit_benchmark,diffusers,20260917_061232,SR650a V4,6787P,RTX PRO 6000,ThinkSystem SR650a V4,Intel(R) Xeon(R) 6787P,NVIDIA RTX PRO 6000 Blackwell Server Edition x2,"172 logical, 172 physical, 2 sockets",stabilityai/stable-diffusion-3.5-medium,byliutao/coco2014val_10k (prompts),,cpu,cpu,bfloat16,disabled,,bf16,disabled,,1,,2,,,1024x1024,20,,42,86,0-171,enabled,torch.compile on the transformer submodule,,,,,30,95,1,,interactive,,30,,0,,,50 scored + 10 warmup per level,2x SLA queued (60 s),enabled,,,,,,,,,,,,,,,,,0.01373,145.6835,168.363,0.0116,18.55,,SLA unmet at every level tried,"calibration p95 service time 168.36 s already exceeds the 30 s SLA, so no arrival rate can pass (--force-sweep to measure anyway)",0,0,,,,,0,,,,,,,,,,,,,,,,,,,,,,,,,,,,,,,,,,,,,,,,,logged,,,,server_dit_stabilityai_stable-diffusion-3.5-medium_bfloat16_cpu2r_20260917_061232.txt
server_dit_benchmark,diffusers,20260917_063124,SR650a V4,6787P,RTX PRO 6000,ThinkSystem SR650a V4,Intel(R) Xeon(R) 6787P,NVIDIA RTX PRO 6000 Blackwell Server Edition x2,"172 logical, 172 physical, 2 sockets",Efficient-Large-Model/Sana_600M_1024px_diffusers,byliutao/coco2014val_10k (prompts),,cpu,cpu,bfloat16,disabled,,bf16,disabled,,1,,4,,,1024x1024,20,,42,43,0-171,enabled,torch.compile on the transformer submodule,,,,,30,95,1,,interactive,,30,,0,,,50 scored + 10 warmup per level,2x SLA queued (60 s),enabled,,,,0.26257,21357.7,21.3577,,,,,,,,,,,0.29989,13.3381,14.205,0.0025,8.48,,,,0.25491,15.295,917.7,0.850,0.25731,98.0,13.1,5.44,50,0,22717.7,28024.0,29324.1,32823.3,36102.2,21018.8,1.00,7,1.101,3.3,,16918.8,13419.0,0.9,1194.6,7205.6,4269.7,3.6,,137.97,167.36,,80.2,,,,,,,,,,533.4,533.4,cpu RAPL package,0.000492,2031.4,logged,,,0.26257,server_dit_Efficient-Large-Model_Sana_600M_1024px_diffusers_bfloat16_cpu4r_20260917_063124.txt
server_dit_benchmark,diffusers,20260917_065520,SR650a V4,6787P,RTX PRO 6000,ThinkSystem SR650a V4,Intel(R) Xeon(R) 6787P,NVIDIA RTX PRO 6000 Blackwell Server Edition x2,"172 logical, 172 physical, 2 sockets",Efficient-Large-Model/Sana_1600M_1024px_diffusers,byliutao/coco2014val_10k (prompts),,cpu,cpu,bfloat16,disabled,,bf16,disabled,,1,,4,,,1024x1024,20,,42,43,0-171,enabled,torch.compile on the transformer submodule,,,,,30,95,1,,interactive,,30,,0,,,50 scored + 10 warmup per level,2x SLA queued (60 s),enabled,,,,,,,,,,,,,,,,,0.12538,31.9018,39.476,0.0169,10.34,,SLA unmet at every level tried,"calibration p95 service time 39.48 s already exceeds the 30 s SLA, so no arrival rate can pass (--force-sweep to measure anyway)",0,0,,,,,0,,,,,,,,,,,,,,,,,,,,,,,,,,,,,,,,,,,,,,,,,logged,,,,server_dit_Efficient-Large-Model_Sana_1600M_1024px_diffusers_bfloat16_cpu4r_20260917_065520.txt
server_dit_benchmark,diffusers,20260917_065957,SR650a V4,6787P,RTX PRO 6000,ThinkSystem SR650a V4,Intel(R) Xeon(R) 6787P,NVIDIA RTX PRO 6000 Blackwell Server Edition x2,"172 logical, 172 physical, 2 sockets",PixArt-alpha/PixArt-Sigma-XL-2-1024-MS,byliutao/coco2014val_10k (prompts),,cpu,cpu,bfloat16,disabled,,bf16,disabled,,1,,4,,,1024x1024,20,,42,43,0-171,enabled,torch.compile on the transformer submodule,,,,,30,95,1,,interactive,,30,,0,,,50 scored + 10 warmup per level,2x SLA queued (60 s),enabled,,,,,,,,,,,,,,,,,0.10806,37.0171,38.056,0.0005,19.40,,SLA unmet at every level tried,"calibration p95 service time 38.06 s already exceeds the 30 s SLA, so no arrival rate can pass (--force-sweep to measure anyway)",0,0,,,,,0,,,,,,,,,,,,,,,,,,,,,,,,,,,,,,,,,,,,,,,,,logged,,,,server_dit_PixArt-alpha_PixArt-Sigma-XL-2-1024-MS_bfloat16_cpu4r_20260917_065957.txt
server_dit_benchmark,diffusers,20260917_070443,SR650a V4,6787P,RTX PRO 6000,ThinkSystem SR650a V4,Intel(R) Xeon(R) 6787P,NVIDIA RTX PRO 6000 Blackwell Server Edition x2,"172 logical, 172 physical, 2 sockets",stabilityai/stable-diffusion-3.5-medium,byliutao/coco2014val_10k (prompts),,cpu,cpu,bfloat16,disabled,,bf16,disabled,,1,,4,,,1024x1024,20,,42,43,0-171,enabled,torch.compile on the transformer submodule,,,,,30,95,1,,interactive,,30,,0,,,50 scored + 10 warmup per level,2x SLA queued (60 s),enabled,,,,,,,,,,,,,,,,,0.05941,67.3316,70.118,0.0006,18.53,,SLA unmet at every level tried,"calibration p95 service time 70.12 s already exceeds the 30 s SLA, so no arrival rate can pass (--force-sweep to measure anyway)",0,0,,,,,0,,,,,,,,,,,,,,,,,,,,,,,,,,,,,,,,,,,,,,,,,logged,,,,server_dit_stabilityai_stable-diffusion-3.5-medium_bfloat16_cpu4r_20260917_070443.txt
