level_rpm,index,measured,status,replica,scheduled_offset_s,done_offset_s,batch_size,latency_s,harness_lag_s,queue_wait_s,service_s,ipc_s,text_encode_s,denoise_s,decode_s,jpeg_s,server_s,http_s,error
5.3773,0,0,ok,-1,0.0000,5.5636,0,5.5636,0.0014,-,-,-,-,-,-,-,5.5409,0.0213,
5.3773,1,0,ok,-1,0.2826,17.0764,0,16.7938,0.0005,-,-,-,-,-,-,-,16.7649,0.0284,
5.3773,2,0,ok,-1,3.8713,17.0892,0,13.2179,0.0011,-,-,-,-,-,-,-,13.1757,0.0410,
5.3773,3,0,ok,-1,6.6896,22.5836,0,15.8940,0.0002,-,-,-,-,-,-,-,15.8711,0.0227,
5.3773,4,0,ok,-1,21.5698,28.1245,0,6.5547,0.0002,-,-,-,-,-,-,-,6.5247,0.0298,
5.3773,5,0,ok,-1,34.1690,39.7317,0,5.5627,0.0016,-,-,-,-,-,-,-,5.5425,0.0185,
5.3773,6,0,ok,-1,59.0209,64.5690,0,5.5481,0.0006,-,-,-,-,-,-,-,5.5237,0.0237,
5.3773,7,0,ok,-1,60.0358,70.0787,0,10.0429,0.0013,-,-,-,-,-,-,-,10.0202,0.0214,
5.3773,8,0,ok,-1,66.1508,81.6153,0,15.4645,0.0010,-,-,-,-,-,-,-,15.4298,0.0337,
5.3773,9,0,ok,-1,66.4884,81.6265,0,15.1381,0.0010,-,-,-,-,-,-,-,15.0924,0.0447,
5.3773,10,1,ok,-1,69.2412,93.1421,0,23.9009,0.0014,-,-,-,-,-,-,-,23.8629,0.0366,
5.3773,11,1,ok,-1,77.0955,93.1619,0,16.0664,0.0013,-,-,-,-,-,-,-,16.0087,0.0564,
5.3773,12,1,ok,-1,77.3955,104.6746,0,27.2790,0.0009,-,-,-,-,-,-,-,27.2447,0.0334,
5.3773,13,1,ok,-1,79.8692,104.6847,0,24.8156,0.0013,-,-,-,-,-,-,-,24.7706,0.0436,
5.3773,14,1,ok,-1,91.5793,116.2105,0,24.6312,0.0027,-,-,-,-,-,-,-,24.5948,0.0337,
5.3773,15,1,ok,-1,100.3643,116.2284,0,15.8641,0.0018,-,-,-,-,-,-,-,15.8103,0.0521,
5.3773,16,1,ok,-1,103.1429,127.7650,0,24.6221,0.0015,-,-,-,-,-,-,-,24.5872,0.0334,
5.3773,17,1,ok,-1,113.0713,127.7852,0,14.7139,0.0010,-,-,-,-,-,-,-,14.6593,0.0536,
5.3773,18,1,ok,-1,131.5683,137.1712,0,5.6030,0.0011,-,-,-,-,-,-,-,5.5771,0.0247,
5.3773,19,1,ok,-1,131.6410,142.7234,0,11.0823,0.0008,-,-,-,-,-,-,-,11.0538,0.0277,
5.3773,20,1,ok,-1,149.9285,155.5036,0,5.5751,0.0012,-,-,-,-,-,-,-,5.5494,0.0245,
5.3773,21,1,ok,-1,163.2934,168.8631,0,5.5697,0.0013,-,-,-,-,-,-,-,5.5473,0.0211,
5.3773,22,1,ok,-1,167.9339,174.3916,0,6.4577,0.0010,-,-,-,-,-,-,-,6.4351,0.0216,
5.3773,23,1,ok,-1,169.8194,179.9263,0,10.1069,0.0017,-,-,-,-,-,-,-,10.0868,0.0184,
5.3773,24,1,ok,-1,204.9839,210.5381,0,5.5542,0.0009,-,-,-,-,-,-,-,5.5270,0.0262,
5.3773,25,1,ok,-1,209.5628,216.0629,0,6.5001,0.0011,-,-,-,-,-,-,-,6.4753,0.0237,
5.3773,26,1,ok,-1,210.6488,227.5727,0,16.9239,0.0004,-,-,-,-,-,-,-,16.8909,0.0326,
5.3773,27,1,ok,-1,211.7838,227.5900,0,15.8062,0.0009,-,-,-,-,-,-,-,15.7553,0.0500,
5.3773,28,1,ok,-1,232.7669,238.3453,0,5.5784,0.0005,-,-,-,-,-,-,-,5.5547,0.0233,
5.3773,29,1,ok,-1,243.0952,248.6628,0,5.5676,0.0011,-,-,-,-,-,-,-,5.5462,0.0203,
5.3773,30,1,ok,-1,261.4581,267.0095,0,5.5513,0.0014,-,-,-,-,-,-,-,5.5306,0.0193,
5.3773,31,1,ok,-1,276.0565,281.6002,0,5.5437,0.0011,-,-,-,-,-,-,-,5.5205,0.0222,
5.3773,32,1,ok,-1,284.6299,290.1838,0,5.5539,0.0017,-,-,-,-,-,-,-,5.5321,0.0201,
5.3773,33,1,ok,-1,324.9794,330.5143,0,5.5349,0.0010,-,-,-,-,-,-,-,5.5119,0.0220,
5.3773,34,1,ok,-1,330.2869,336.0124,0,5.7255,0.0005,-,-,-,-,-,-,-,5.7016,0.0233,
5.3773,35,1,ok,-1,339.2473,344.7980,0,5.5507,0.0016,-,-,-,-,-,-,-,5.5225,0.0267,
5.3773,36,1,ok,-1,358.9797,364.5067,0,5.5270,0.0014,-,-,-,-,-,-,-,5.5044,0.0212,
5.3773,37,1,ok,-1,369.7325,375.2645,0,5.5319,0.0004,-,-,-,-,-,-,-,5.5086,0.0229,
5.3773,38,1,ok,-1,391.8072,397.3372,0,5.5300,0.0019,-,-,-,-,-,-,-,5.5033,0.0248,
5.3773,39,1,ok,-1,401.4166,406.9546,0,5.5380,0.0010,-,-,-,-,-,-,-,5.5150,0.0220,
5.3773,40,1,ok,-1,415.0218,420.5626,0,5.5409,0.0001,-,-,-,-,-,-,-,5.5124,0.0283,
5.3773,41,1,ok,-1,415.5452,432.0213,0,16.4761,0.0006,-,-,-,-,-,-,-,16.4446,0.0309,
5.3773,42,1,ok,-1,418.4310,432.0323,0,13.6013,0.0011,-,-,-,-,-,-,-,13.5581,0.0421,
5.3773,43,1,ok,-1,422.2429,443.5043,0,21.2614,0.0006,-,-,-,-,-,-,-,21.2245,0.0363,
5.3773,44,1,ok,-1,423.1707,443.5136,0,20.3428,0.0010,-,-,-,-,-,-,-,20.2964,0.0455,
5.3773,45,1,ok,-1,426.1275,454.9965,0,28.8690,0.0007,-,-,-,-,-,-,-,28.8360,0.0323,
5.3773,46,1,ok,-1,427.3156,455.0055,0,27.6900,0.0012,-,-,-,-,-,-,-,27.6473,0.0415,
5.3773,47,1,ok,-1,430.9496,466.5121,0,35.5624,0.0023,-,-,-,-,-,-,-,35.5293,0.0308,
5.3773,48,1,ok,-1,442.2162,466.5231,0,24.3069,0.0012,-,-,-,-,-,-,-,24.2638,0.0419,
5.3773,49,1,ok,-1,447.2804,478.0339,0,30.7535,0.0013,-,-,-,-,-,-,-,30.7160,0.0362,
5.3773,50,1,ok,-1,452.4390,478.0506,0,25.6117,0.0022,-,-,-,-,-,-,-,25.5565,0.0529,
5.3773,51,1,ok,-1,455.0622,489.5129,0,34.4508,0.0005,-,-,-,-,-,-,-,34.4215,0.0287,
5.3773,52,1,ok,-1,458.5276,489.5259,0,30.9983,0.0010,-,-,-,-,-,-,-,30.9559,0.0414,
5.3773,53,1,ok,-1,489.3141,495.0126,0,5.6985,0.0005,-,-,-,-,-,-,-,5.6710,0.0270,
5.3773,54,1,ok,-1,500.9654,506.5601,0,5.5946,0.0014,-,-,-,-,-,-,-,5.5678,0.0254,
5.3773,55,1,ok,-1,511.4470,517.0274,0,5.5803,0.0014,-,-,-,-,-,-,-,5.5552,0.0238,
5.3773,56,1,ok,-1,513.5414,522.5616,0,9.0202,0.0014,-,-,-,-,-,-,-,8.9980,0.0208,
5.3773,57,1,ok,-1,528.1148,533.6924,0,5.5776,0.0006,-,-,-,-,-,-,-,5.5573,0.0197,
5.3773,58,1,ok,-1,530.1055,539.2451,0,9.1396,0.0014,-,-,-,-,-,-,-,9.1058,0.0324,
5.3773,59,1,ok,-1,535.4296,544.7859,0,9.3563,0.0008,-,-,-,-,-,-,-,9.3260,0.0296,
5.3773,60,1,ok,-1,586.2943,591.8314,0,5.5372,0.0011,-,-,-,-,-,-,-,5.5133,0.0227,
5.3773,61,1,ok,-1,597.6938,603.2419,0,5.5481,0.0015,-,-,-,-,-,-,-,5.5267,0.0199,
5.3773,62,1,ok,-1,606.7771,612.3283,0,5.5511,0.0017,-,-,-,-,-,-,-,5.5243,0.0252,
5.3773,63,1,ok,-1,619.6529,625.2032,0,5.5503,0.0006,-,-,-,-,-,-,-,5.5240,0.0258,
5.3773,64,1,ok,-1,640.3014,645.8385,0,5.5371,0.0018,-,-,-,-,-,-,-,5.5115,0.0238,
5.3773,65,1,ok,-1,656.9949,662.5304,0,5.5355,0.0010,-,-,-,-,-,-,-,5.5139,0.0206,
5.3773,66,1,ok,-1,659.8974,674.0024,0,14.1050,0.0010,-,-,-,-,-,-,-,14.0741,0.0299,
5.3773,67,1,ok,-1,660.2615,674.0103,0,13.7488,0.0007,-,-,-,-,-,-,-,13.7106,0.0376,
5.3773,68,1,ok,-1,664.4903,685.4829,0,20.9926,0.0013,-,-,-,-,-,-,-,20.9617,0.0296,
5.3773,69,1,ok,-1,667.9673,685.4976,0,17.5302,0.0012,-,-,-,-,-,-,-,17.4848,0.0443,
5.3773,70,1,ok,-1,670.6114,690.9751,0,20.3637,0.0023,-,-,-,-,-,-,-,20.3362,0.0251,
5.3773,71,1,ok,-1,702.5579,708.1129,0,5.5550,0.0008,-,-,-,-,-,-,-,5.5280,0.0262,
5.3773,72,1,ok,-1,725.8829,731.4268,0,5.5439,0.0003,-,-,-,-,-,-,-,5.5199,0.0237,
5.3773,73,1,ok,-1,730.0991,736.9276,0,6.8284,0.0010,-,-,-,-,-,-,-,6.8079,0.0196,
5.3773,74,1,ok,-1,741.9877,747.5284,0,5.5407,0.0010,-,-,-,-,-,-,-,5.5144,0.0253,
5.3773,75,1,ok,-1,747.6066,753.1627,0,5.5562,0.0010,-,-,-,-,-,-,-,5.5340,0.0212,
5.3773,76,1,ok,-1,775.0528,780.5945,0,5.5417,0.0012,-,-,-,-,-,-,-,5.5145,0.0259,
5.3773,77,1,ok,-1,781.9045,787.4481,0,5.5437,0.0015,-,-,-,-,-,-,-,5.5188,0.0234,
5.3773,78,1,ok,-1,785.3380,792.9480,0,7.6100,0.0030,-,-,-,-,-,-,-,7.5894,0.0176,
5.3773,79,1,ok,-1,788.4979,798.4729,0,9.9750,0.0005,-,-,-,-,-,-,-,9.9514,0.0232,
5.3773,80,1,ok,-1,797.6931,803.9929,0,6.2998,0.0012,-,-,-,-,-,-,-,6.2768,0.0219,
5.3773,81,1,ok,-1,801.0942,809.5106,0,8.4164,0.0015,-,-,-,-,-,-,-,8.3904,0.0245,
5.3773,82,1,ok,-1,810.8962,816.4721,0,5.5759,0.0019,-,-,-,-,-,-,-,5.5515,0.0225,
5.3773,83,1,ok,-1,836.3480,841.8867,0,5.5387,0.0015,-,-,-,-,-,-,-,5.5177,0.0194,
5.3773,84,1,ok,-1,842.0366,847.5901,0,5.5534,0.0003,-,-,-,-,-,-,-,5.5301,0.0231,
5.3773,85,1,ok,-1,844.7992,853.1065,0,8.3072,0.0009,-,-,-,-,-,-,-,8.2843,0.0221,
5.3773,86,1,ok,-1,911.8207,917.3672,0,5.5465,0.0011,-,-,-,-,-,-,-,5.5189,0.0265,
5.3773,87,1,ok,-1,919.7694,925.3117,0,5.5422,0.0005,-,-,-,-,-,-,-,5.5145,0.0272,
5.3773,88,1,ok,-1,920.8329,936.7605,0,15.9276,0.0003,-,-,-,-,-,-,-,15.8954,0.0319,
5.3773,89,1,ok,-1,921.3714,936.7741,0,15.4027,0.0007,-,-,-,-,-,-,-,15.3569,0.0452,
5.3773,90,1,ok,-1,922.6673,948.2014,0,25.5341,0.0005,-,-,-,-,-,-,-,25.5057,0.0279,
5.3773,91,1,ok,-1,933.6843,948.2124,0,14.5281,0.0012,-,-,-,-,-,-,-,14.4879,0.0390,
5.3773,92,1,ok,-1,951.2090,956.7713,0,5.5623,0.0008,-,-,-,-,-,-,-,5.5365,0.0251,
5.3773,93,1,ok,-1,957.3286,962.8867,0,5.5581,0.0014,-,-,-,-,-,-,-,5.5366,0.0202,
5.3773,94,1,ok,-1,958.0610,968.4121,0,10.3511,0.0010,-,-,-,-,-,-,-,10.3282,0.0219,
5.3773,95,1,ok,-1,963.4241,973.9524,0,10.5284,0.0013,-,-,-,-,-,-,-,10.4991,0.0280,
5.3773,96,1,ok,-1,1025.3760,1030.9281,0,5.5521,0.0008,-,-,-,-,-,-,-,5.5288,0.0224,
5.3773,97,1,ok,-1,1033.7795,1039.3220,0,5.5426,0.0018,-,-,-,-,-,-,-,5.5131,0.0277,
5.3773,98,1,ok,-1,1073.3139,1078.8534,0,5.5395,0.0008,-,-,-,-,-,-,-,5.5165,0.0221,
5.3773,99,1,ok,-1,1095.3140,1100.8568,0,5.5429,0.0008,-,-,-,-,-,-,-,5.5135,0.0285,
5.3773,100,1,ok,-1,1095.4428,1106.3310,0,10.8882,0.0006,-,-,-,-,-,-,-,10.8672,0.0204,
5.3773,101,1,ok,-1,1109.6753,1115.2027,0,5.5275,0.0014,-,-,-,-,-,-,-,5.5060,0.0200,
5.3773,102,1,ok,-1,1122.4488,1127.9797,0,5.5309,0.0020,-,-,-,-,-,-,-,5.5096,0.0194,
5.3773,103,1,ok,-1,1131.0400,1136.5848,0,5.5447,0.0011,-,-,-,-,-,-,-,5.5237,0.0199,
5.3773,104,1,ok,-1,1134.5031,1142.0912,0,7.5881,0.0010,-,-,-,-,-,-,-,7.5638,0.0233,
5.3773,105,1,ok,-1,1145.9325,1151.4859,0,5.5534,0.0010,-,-,-,-,-,-,-,5.5287,0.0237,
5.3773,106,1,ok,-1,1147.2522,1156.9914,0,9.7392,0.0018,-,-,-,-,-,-,-,9.7190,0.0184,
5.3773,107,1,ok,-1,1153.6180,1162.5234,0,8.9054,0.0023,-,-,-,-,-,-,-,8.8753,0.0278,
5.3773,108,1,ok,-1,1160.3644,1168.0314,0,7.6670,0.0017,-,-,-,-,-,-,-,7.6489,0.0164,
5.3773,109,1,ok,-1,1194.6764,1200.2159,0,5.5395,0.0018,-,-,-,-,-,-,-,5.5094,0.0283,
7.5283,0,0,ok,-1,0.0000,5.5430,0,5.5430,0.0008,-,-,-,-,-,-,-,5.5204,0.0218,
7.5283,1,0,ok,-1,0.2019,16.9974,0,16.7956,0.0005,-,-,-,-,-,-,-,16.7670,0.0281,
7.5283,2,0,ok,-1,2.7652,17.0103,0,14.2451,0.0012,-,-,-,-,-,-,-,14.2030,0.0409,
7.5283,3,0,ok,-1,4.7783,22.4821,0,17.7038,0.0016,-,-,-,-,-,-,-,17.6791,0.0231,
7.5283,4,0,ok,-1,15.4070,28.0165,0,12.6095,0.0014,-,-,-,-,-,-,-,12.5773,0.0308,
7.5283,5,0,ok,-1,24.4064,33.5326,0,9.1262,0.0009,-,-,-,-,-,-,-,9.1073,0.0180,
7.5283,6,0,ok,-1,42.1578,47.7136,0,5.5558,0.0011,-,-,-,-,-,-,-,5.5320,0.0227,
7.5283,7,0,ok,-1,42.8827,53.2314,0,10.3487,0.0014,-,-,-,-,-,-,-,10.3267,0.0207,
7.5283,8,0,ok,-1,47.2506,64.7653,0,17.5147,0.0012,-,-,-,-,-,-,-,17.4796,0.0338,
7.5283,9,0,ok,-1,47.4917,64.7763,0,17.2846,0.0007,-,-,-,-,-,-,-,17.2390,0.0449,
7.5283,10,1,ok,-1,49.4580,76.2874,0,26.8294,0.0015,-,-,-,-,-,-,-,26.7926,0.0353,
7.5283,11,1,ok,-1,55.0682,76.3071,0,21.2389,0.0012,-,-,-,-,-,-,-,21.1828,0.0549,
7.5283,12,1,ok,-1,55.2825,87.8201,0,32.5376,0.0012,-,-,-,-,-,-,-,32.5001,0.0362,
7.5283,13,1,ok,-1,57.0494,87.8297,0,30.7803,0.0004,-,-,-,-,-,-,-,30.7356,0.0443,
7.5283,14,1,ok,-1,65.4138,99.3577,0,33.9439,0.0022,-,-,-,-,-,-,-,33.9072,0.0344,
7.5283,15,1,ok,-1,71.6888,99.3754,0,27.6867,0.0010,-,-,-,-,-,-,-,27.6335,0.0522,
7.5283,16,1,ok,-1,73.6735,110.8950,0,37.2215,0.0026,-,-,-,-,-,-,-,37.1856,0.0333,
7.5283,17,1,ok,-1,80.7652,110.9149,0,30.1496,0.0016,-,-,-,-,-,-,-,30.0950,0.0531,
7.5283,18,1,ok,-1,93.9773,122.4506,0,28.4733,0.0017,-,-,-,-,-,-,-,28.4376,0.0340,
7.5283,19,1,ok,-1,94.0293,122.4663,0,28.4370,0.0001,-,-,-,-,-,-,-,28.3875,0.0494,
7.5283,20,1,ok,-1,107.0918,133.9812,0,26.8894,0.0009,-,-,-,-,-,-,-,26.8584,0.0300,
7.5283,21,1,ok,-1,116.6381,133.9920,0,17.3539,0.0012,-,-,-,-,-,-,-,17.3119,0.0408,
7.5283,22,1,ok,-1,119.9528,145.4970,0,25.5442,0.0014,-,-,-,-,-,-,-,25.5144,0.0284,
7.5283,23,1,ok,-1,121.2996,145.5065,0,24.2069,0.0012,-,-,-,-,-,-,-,24.1674,0.0383,
7.5283,24,1,ok,-1,146.4171,151.9973,0,5.5802,0.0015,-,-,-,-,-,-,-,5.5618,0.0169,
7.5283,25,1,ok,-1,149.6877,163.5722,0,13.8845,0.0015,-,-,-,-,-,-,-,13.8521,0.0309,
7.5283,26,1,ok,-1,150.4634,163.5850,0,13.1215,0.0007,-,-,-,-,-,-,-,13.0771,0.0437,
7.5283,27,1,ok,-1,151.2741,169.0867,0,17.8125,0.0012,-,-,-,-,-,-,-,17.7818,0.0296,
7.5283,28,1,ok,-1,166.2620,174.6306,0,8.3685,0.0008,-,-,-,-,-,-,-,8.3449,0.0229,
7.5283,29,1,ok,-1,173.6394,180.1806,0,6.5412,0.0010,-,-,-,-,-,-,-,6.5198,0.0204,
7.5283,30,1,ok,-1,186.7558,192.3466,0,5.5908,0.0018,-,-,-,-,-,-,-,5.5695,0.0195,
7.5283,31,1,ok,-1,197.1832,202.7659,0,5.5826,0.0005,-,-,-,-,-,-,-,5.5593,0.0229,
7.5283,32,1,ok,-1,203.3070,208.8968,0,5.5898,0.0005,-,-,-,-,-,-,-,5.5691,0.0202,
7.5283,33,1,ok,-1,232.1281,237.6833,0,5.5552,0.0003,-,-,-,-,-,-,-,5.5318,0.0230,
7.5283,34,1,ok,-1,235.9192,243.2040,0,7.2848,0.0015,-,-,-,-,-,-,-,7.2598,0.0235,
7.5283,35,1,ok,-1,242.3195,248.7493,0,6.4298,0.0006,-,-,-,-,-,-,-,6.4029,0.0263,
7.5283,36,1,ok,-1,256.4141,261.9830,0,5.5689,0.0010,-,-,-,-,-,-,-,5.5473,0.0207,
7.5283,37,1,ok,-1,264.0947,269.6514,0,5.5568,0.0006,-,-,-,-,-,-,-,5.5332,0.0230,
7.5283,38,1,ok,-1,279.8623,285.4207,0,5.5584,0.0018,-,-,-,-,-,-,-,5.5318,0.0248,
7.5283,39,1,ok,-1,286.7261,292.2961,0,5.5700,0.0010,-,-,-,-,-,-,-,5.5473,0.0217,
7.5283,40,1,ok,-1,296.4441,302.0170,0,5.5729,0.0013,-,-,-,-,-,-,-,5.5448,0.0268,
7.5283,41,1,ok,-1,296.8180,313.5247,0,16.7067,0.0011,-,-,-,-,-,-,-,16.6748,0.0309,
7.5283,42,1,ok,-1,298.8793,313.5351,0,14.6558,0.0012,-,-,-,-,-,-,-,14.6135,0.0412,
7.5283,43,1,ok,-1,301.6021,325.0501,0,23.4481,0.0015,-,-,-,-,-,-,-,23.4108,0.0358,
7.5283,44,1,ok,-1,302.2648,325.0601,0,22.7953,0.0006,-,-,-,-,-,-,-,22.7491,0.0456,
7.5283,45,1,ok,-1,304.3768,336.5794,0,32.2026,0.0009,-,-,-,-,-,-,-,32.1685,0.0332,
7.5283,46,1,cancelled,-1,305.2254,336.5798,0,inf,0.0005,-,-,-,-,-,-,-,-,-,
7.5283,47,1,cancelled,-1,307.8212,336.5799,0,inf,0.0017,-,-,-,-,-,-,-,-,-,
7.5283,48,1,cancelled,-1,315.8687,336.5798,0,inf,0.0009,-,-,-,-,-,-,-,-,-,
7.5283,49,1,cancelled,-1,319.4860,336.5799,0,inf,0.0007,-,-,-,-,-,-,-,-,-,
7.5283,50,1,cancelled,-1,323.1707,336.5799,0,inf,0.0002,-,-,-,-,-,-,-,-,-,
7.5283,51,1,cancelled,-1,325.0444,336.5798,0,inf,0.0017,-,-,-,-,-,-,-,-,-,
7.5283,52,1,cancelled,-1,327.5197,336.5797,0,inf,0.0011,-,-,-,-,-,-,-,-,-,
7.5283,53,1,not_sent,-1,349.5100,-,0,inf,-,-,-,-,-,-,-,-,-,-,
7.5283,54,1,not_sent,-1,357.8325,-,0,inf,-,-,-,-,-,-,-,-,-,-,
7.5283,55,1,not_sent,-1,365.3193,-,0,inf,-,-,-,-,-,-,-,-,-,-,
7.5283,56,1,not_sent,-1,366.8153,-,0,inf,-,-,-,-,-,-,-,-,-,-,
7.5283,57,1,not_sent,-1,377.2249,-,0,inf,-,-,-,-,-,-,-,-,-,-,
7.5283,58,1,not_sent,-1,378.6468,-,0,inf,-,-,-,-,-,-,-,-,-,-,
7.5283,59,1,not_sent,-1,382.4497,-,0,inf,-,-,-,-,-,-,-,-,-,-,
7.5283,60,1,not_sent,-1,418.7816,-,0,inf,-,-,-,-,-,-,-,-,-,-,
7.5283,61,1,not_sent,-1,426.9241,-,0,inf,-,-,-,-,-,-,-,-,-,-,
7.5283,62,1,not_sent,-1,433.4122,-,0,inf,-,-,-,-,-,-,-,-,-,-,
7.5283,63,1,not_sent,-1,442.6092,-,0,inf,-,-,-,-,-,-,-,-,-,-,
7.5283,64,1,not_sent,-1,457.3582,-,0,inf,-,-,-,-,-,-,-,-,-,-,
7.5283,65,1,not_sent,-1,469.2821,-,0,inf,-,-,-,-,-,-,-,-,-,-,
7.5283,66,1,not_sent,-1,471.3553,-,0,inf,-,-,-,-,-,-,-,-,-,-,
7.5283,67,1,not_sent,-1,471.6153,-,0,inf,-,-,-,-,-,-,-,-,-,-,
7.5283,68,1,not_sent,-1,474.6359,-,0,inf,-,-,-,-,-,-,-,-,-,-,
7.5283,69,1,not_sent,-1,477.1195,-,0,inf,-,-,-,-,-,-,-,-,-,-,
7.5283,70,1,not_sent,-1,479.0081,-,0,inf,-,-,-,-,-,-,-,-,-,-,
7.5283,71,1,not_sent,-1,501.8271,-,0,inf,-,-,-,-,-,-,-,-,-,-,
7.5283,72,1,not_sent,-1,518.4878,-,0,inf,-,-,-,-,-,-,-,-,-,-,
7.5283,73,1,not_sent,-1,521.4994,-,0,inf,-,-,-,-,-,-,-,-,-,-,
7.5283,74,1,not_sent,-1,529.9912,-,0,inf,-,-,-,-,-,-,-,-,-,-,
7.5283,75,1,not_sent,-1,534.0047,-,0,inf,-,-,-,-,-,-,-,-,-,-,
7.5283,76,1,not_sent,-1,553.6091,-,0,inf,-,-,-,-,-,-,-,-,-,-,
7.5283,77,1,not_sent,-1,558.5032,-,0,inf,-,-,-,-,-,-,-,-,-,-,
7.5283,78,1,not_sent,-1,560.9557,-,0,inf,-,-,-,-,-,-,-,-,-,-,
7.5283,79,1,not_sent,-1,563.2128,-,0,inf,-,-,-,-,-,-,-,-,-,-,
7.5283,80,1,not_sent,-1,569.7808,-,0,inf,-,-,-,-,-,-,-,-,-,-,
7.5283,81,1,not_sent,-1,572.2101,-,0,inf,-,-,-,-,-,-,-,-,-,-,
7.5283,82,1,not_sent,-1,579.2116,-,0,inf,-,-,-,-,-,-,-,-,-,-,
7.5283,83,1,not_sent,-1,597.3914,-,0,inf,-,-,-,-,-,-,-,-,-,-,
7.5283,84,1,not_sent,-1,601.4547,-,0,inf,-,-,-,-,-,-,-,-,-,-,
7.5283,85,1,not_sent,-1,603.4280,-,0,inf,-,-,-,-,-,-,-,-,-,-,
7.5283,86,1,not_sent,-1,651.3005,-,0,inf,-,-,-,-,-,-,-,-,-,-,
7.5283,87,1,not_sent,-1,656.9782,-,0,inf,-,-,-,-,-,-,-,-,-,-,
7.5283,88,1,not_sent,-1,657.7378,-,0,inf,-,-,-,-,-,-,-,-,-,-,
7.5283,89,1,not_sent,-1,658.1224,-,0,inf,-,-,-,-,-,-,-,-,-,-,
7.5283,90,1,not_sent,-1,659.0481,-,0,inf,-,-,-,-,-,-,-,-,-,-,
7.5283,91,1,not_sent,-1,666.9174,-,0,inf,-,-,-,-,-,-,-,-,-,-,
7.5283,92,1,not_sent,-1,679.4350,-,0,inf,-,-,-,-,-,-,-,-,-,-,
7.5283,93,1,not_sent,-1,683.8062,-,0,inf,-,-,-,-,-,-,-,-,-,-,
7.5283,94,1,not_sent,-1,684.3293,-,0,inf,-,-,-,-,-,-,-,-,-,-,
7.5283,95,1,not_sent,-1,688.1600,-,0,inf,-,-,-,-,-,-,-,-,-,-,
7.5283,96,1,not_sent,-1,732.4114,-,0,inf,-,-,-,-,-,-,-,-,-,-,
7.5283,97,1,not_sent,-1,738.4139,-,0,inf,-,-,-,-,-,-,-,-,-,-,
7.5283,98,1,not_sent,-1,766.6528,-,0,inf,-,-,-,-,-,-,-,-,-,-,
7.5283,99,1,not_sent,-1,782.3671,-,0,inf,-,-,-,-,-,-,-,-,-,-,
7.5283,100,1,not_sent,-1,782.4591,-,0,inf,-,-,-,-,-,-,-,-,-,-,
7.5283,101,1,not_sent,-1,792.6252,-,0,inf,-,-,-,-,-,-,-,-,-,-,
7.5283,102,1,not_sent,-1,801.7491,-,0,inf,-,-,-,-,-,-,-,-,-,-,
7.5283,103,1,not_sent,-1,807.8857,-,0,inf,-,-,-,-,-,-,-,-,-,-,
7.5283,104,1,not_sent,-1,810.3594,-,0,inf,-,-,-,-,-,-,-,-,-,-,
7.5283,105,1,not_sent,-1,818.5232,-,0,inf,-,-,-,-,-,-,-,-,-,-,
7.5283,106,1,not_sent,-1,819.4659,-,0,inf,-,-,-,-,-,-,-,-,-,-,
7.5283,107,1,not_sent,-1,824.0129,-,0,inf,-,-,-,-,-,-,-,-,-,-,
7.5283,108,1,not_sent,-1,828.8317,-,0,inf,-,-,-,-,-,-,-,-,-,-,
7.5283,109,1,not_sent,-1,853.3403,-,0,inf,-,-,-,-,-,-,-,-,-,-,
6.3626,0,0,ok,-1,0.0000,7.3549,0,7.3549,0.0016,-,-,-,-,-,-,-,7.3312,0.0221,
6.3626,1,0,ok,-1,0.2389,18.9455,0,18.7066,0.0016,-,-,-,-,-,-,-,18.6775,0.0274,
6.3626,2,0,ok,-1,3.2718,18.9589,0,15.6871,0.0012,-,-,-,-,-,-,-,15.6451,0.0408,
6.3626,3,0,ok,-1,5.6538,24.4734,0,18.8197,0.0011,-,-,-,-,-,-,-,18.7957,0.0229,
6.3626,4,0,ok,-1,18.2298,30.0383,0,11.8085,0.0013,-,-,-,-,-,-,-,11.7766,0.0306,
6.3626,5,0,ok,-1,28.8781,35.5840,0,6.7059,0.0010,-,-,-,-,-,-,-,6.6867,0.0182,
6.3626,6,0,ok,-1,49.8818,55.4513,0,5.5695,0.0011,-,-,-,-,-,-,-,5.5462,0.0222,
6.3626,7,0,ok,-1,50.7395,60.9928,0,10.2533,0.0007,-,-,-,-,-,-,-,10.2324,0.0202,
6.3626,8,0,ok,-1,55.9077,72.5530,0,16.6454,0.0012,-,-,-,-,-,-,-,16.6117,0.0324,
6.3626,9,0,ok,-1,56.1929,72.5651,0,16.3721,0.0014,-,-,-,-,-,-,-,16.3263,0.0444,
6.3626,10,1,ok,-1,58.5195,84.0955,0,25.5759,0.0007,-,-,-,-,-,-,-,25.5399,0.0354,
6.3626,11,1,ok,-1,65.1575,84.1147,0,18.9571,0.0017,-,-,-,-,-,-,-,18.9010,0.0545,
6.3626,12,1,ok,-1,65.4112,95.6518,0,30.2407,0.0005,-,-,-,-,-,-,-,30.2057,0.0345,
6.3626,13,1,ok,-1,67.5018,95.6611,0,28.1594,0.0005,-,-,-,-,-,-,-,28.1152,0.0437,
6.3626,14,1,ok,-1,77.3987,107.2232,0,29.8245,0.0005,-,-,-,-,-,-,-,29.7904,0.0337,
6.3626,15,1,ok,-1,84.8233,107.2409,0,22.4176,0.0012,-,-,-,-,-,-,-,22.3651,0.0513,
6.3626,16,1,ok,-1,87.1717,118.7583,0,31.5867,0.0014,-,-,-,-,-,-,-,31.5522,0.0331,
6.3626,17,1,ok,-1,95.5627,118.7790,0,23.2162,0.0009,-,-,-,-,-,-,-,23.1615,0.0538,
6.3626,18,1,ok,-1,111.1955,130.2970,0,19.1015,0.0006,-,-,-,-,-,-,-,19.0668,0.0341,
6.3626,19,1,ok,-1,111.2570,130.3128,0,19.0559,0.0004,-,-,-,-,-,-,-,19.0058,0.0497,
6.3626,20,1,ok,-1,126.7127,135.7970,0,9.0843,0.0015,-,-,-,-,-,-,-,9.0604,0.0224,
6.3626,21,1,ok,-1,138.0081,143.6064,0,5.5983,0.0024,-,-,-,-,-,-,-,5.5739,0.0220,
6.3626,22,1,ok,-1,141.9300,149.1681,0,7.2380,0.0009,-,-,-,-,-,-,-,7.2159,0.0212,
6.3626,23,1,ok,-1,143.5236,154.7055,0,11.1819,0.0004,-,-,-,-,-,-,-,11.1623,0.0191,
6.3626,24,1,ok,-1,173.2430,178.8097,0,5.5667,0.0017,-,-,-,-,-,-,-,5.5477,0.0173,
6.3626,25,1,ok,-1,177.1129,190.3534,0,13.2405,0.0012,-,-,-,-,-,-,-,13.2081,0.0311,
6.3626,26,1,ok,-1,178.0307,190.3659,0,12.3352,0.0016,-,-,-,-,-,-,-,12.2901,0.0436,
6.3626,27,1,ok,-1,178.9900,195.8801,0,16.8901,0.0010,-,-,-,-,-,-,-,16.8598,0.0293,
6.3626,28,1,ok,-1,196.7239,202.3145,0,5.5906,0.0012,-,-,-,-,-,-,-,5.5667,0.0227,
6.3626,29,1,ok,-1,205.4529,211.0353,0,5.5823,0.0020,-,-,-,-,-,-,-,5.5594,0.0209,
6.3626,30,1,ok,-1,220.9725,226.5430,0,5.5705,0.0010,-,-,-,-,-,-,-,5.5495,0.0200,
6.3626,31,1,ok,-1,233.3103,238.8816,0,5.5712,0.0016,-,-,-,-,-,-,-,5.5469,0.0228,
6.3626,32,1,ok,-1,240.5561,246.1283,0,5.5722,0.0004,-,-,-,-,-,-,-,5.5514,0.0204,
6.3626,33,1,ok,-1,274.6577,280.1906,0,5.5329,0.0017,-,-,-,-,-,-,-,5.5082,0.0230,
6.3626,34,1,ok,-1,279.1434,285.7019,0,6.5585,0.0012,-,-,-,-,-,-,-,6.5343,0.0230,
6.3626,35,1,ok,-1,286.7163,292.2820,0,5.5657,0.0007,-,-,-,-,-,-,-,5.5391,0.0259,
6.3626,36,1,ok,-1,303.3932,308.9425,0,5.5493,0.0016,-,-,-,-,-,-,-,5.5271,0.0205,
6.3626,37,1,ok,-1,312.4810,318.0328,0,5.5518,0.0012,-,-,-,-,-,-,-,5.5281,0.0225,
6.3626,38,1,ok,-1,331.1375,336.6734,0,5.5359,0.0007,-,-,-,-,-,-,-,5.5100,0.0251,
6.3626,39,1,ok,-1,339.2589,344.8105,0,5.5516,0.0013,-,-,-,-,-,-,-,5.5284,0.0219,
6.3626,40,1,ok,-1,350.7574,356.3242,0,5.5668,0.0008,-,-,-,-,-,-,-,5.5391,0.0269,
6.3626,41,1,ok,-1,351.1998,367.7724,0,16.5726,0.0012,-,-,-,-,-,-,-,16.5481,0.0233,
6.3626,42,1,ok,-1,353.6388,367.8096,0,14.1708,0.0013,-,-,-,-,-,-,-,14.1476,0.0218,
6.3626,43,1,ok,-1,356.8604,379.2987,0,22.4383,0.0005,-,-,-,-,-,-,-,22.4015,0.0363,
6.3626,44,1,ok,-1,357.6446,379.3083,0,21.6637,0.0013,-,-,-,-,-,-,-,21.6167,0.0458,
6.3626,45,1,ok,-1,360.1435,390.8130,0,30.6694,0.0014,-,-,-,-,-,-,-,30.6346,0.0335,
6.3626,46,1,ok,-1,361.1476,390.8212,0,29.6736,0.0007,-,-,-,-,-,-,-,29.6311,0.0419,
6.3626,47,1,ok,-1,364.2189,402.3448,0,38.1258,0.0009,-,-,-,-,-,-,-,38.0948,0.0301,
6.3626,48,1,ok,-1,373.7409,402.3558,0,28.6149,0.0010,-,-,-,-,-,-,-,28.5726,0.0413,
6.3626,49,1,ok,-1,378.0209,413.8857,0,35.8648,0.0009,-,-,-,-,-,-,-,35.8283,0.0356,
6.3626,50,1,ok,-1,382.3807,413.9019,0,31.5212,0.0010,-,-,-,-,-,-,-,31.4685,0.0517,
6.3626,51,1,cancelled,-1,384.5977,413.9021,0,inf,0.0012,-,-,-,-,-,-,-,-,-,
6.3626,52,1,cancelled,-1,387.5266,413.9021,0,inf,0.0009,-,-,-,-,-,-,-,-,-,
6.3626,53,1,cancelled,-1,413.5459,413.9021,0,inf,0.0013,-,-,-,-,-,-,-,-,-,
6.3626,54,1,not_sent,-1,423.3931,-,0,inf,-,-,-,-,-,-,-,-,-,-,
6.3626,55,1,not_sent,-1,432.2516,-,0,inf,-,-,-,-,-,-,-,-,-,-,
6.3626,56,1,not_sent,-1,434.0217,-,0,inf,-,-,-,-,-,-,-,-,-,-,
6.3626,57,1,not_sent,-1,446.3385,-,0,inf,-,-,-,-,-,-,-,-,-,-,
6.3626,58,1,not_sent,-1,448.0209,-,0,inf,-,-,-,-,-,-,-,-,-,-,
6.3626,59,1,not_sent,-1,452.5206,-,0,inf,-,-,-,-,-,-,-,-,-,-,
6.3626,60,1,not_sent,-1,495.5091,-,0,inf,-,-,-,-,-,-,-,-,-,-,
6.3626,61,1,not_sent,-1,505.1434,-,0,inf,-,-,-,-,-,-,-,-,-,-,
6.3626,62,1,not_sent,-1,512.8203,-,0,inf,-,-,-,-,-,-,-,-,-,-,
6.3626,63,1,not_sent,-1,523.7023,-,0,inf,-,-,-,-,-,-,-,-,-,-,
6.3626,64,1,not_sent,-1,541.1535,-,0,inf,-,-,-,-,-,-,-,-,-,-,
6.3626,65,1,not_sent,-1,555.2620,-,0,inf,-,-,-,-,-,-,-,-,-,-,
6.3626,66,1,not_sent,-1,557.7151,-,0,inf,-,-,-,-,-,-,-,-,-,-,
6.3626,67,1,not_sent,-1,558.0228,-,0,inf,-,-,-,-,-,-,-,-,-,-,
6.3626,68,1,not_sent,-1,561.5968,-,0,inf,-,-,-,-,-,-,-,-,-,-,
6.3626,69,1,not_sent,-1,564.5354,-,0,inf,-,-,-,-,-,-,-,-,-,-,
6.3626,70,1,not_sent,-1,566.7701,-,0,inf,-,-,-,-,-,-,-,-,-,-,
6.3626,71,1,not_sent,-1,593.7698,-,0,inf,-,-,-,-,-,-,-,-,-,-,
6.3626,72,1,not_sent,-1,613.4831,-,0,inf,-,-,-,-,-,-,-,-,-,-,
6.3626,73,1,not_sent,-1,617.0464,-,0,inf,-,-,-,-,-,-,-,-,-,-,
6.3626,74,1,not_sent,-1,627.0941,-,0,inf,-,-,-,-,-,-,-,-,-,-,
6.3626,75,1,not_sent,-1,631.8429,-,0,inf,-,-,-,-,-,-,-,-,-,-,
6.3626,76,1,not_sent,-1,655.0392,-,0,inf,-,-,-,-,-,-,-,-,-,-,
6.3626,77,1,not_sent,-1,660.8299,-,0,inf,-,-,-,-,-,-,-,-,-,-,
6.3626,78,1,not_sent,-1,663.7318,-,0,inf,-,-,-,-,-,-,-,-,-,-,
6.3626,79,1,not_sent,-1,666.4023,-,0,inf,-,-,-,-,-,-,-,-,-,-,
6.3626,80,1,not_sent,-1,674.1737,-,0,inf,-,-,-,-,-,-,-,-,-,-,
6.3626,81,1,not_sent,-1,677.0482,-,0,inf,-,-,-,-,-,-,-,-,-,-,
6.3626,82,1,not_sent,-1,685.3324,-,0,inf,-,-,-,-,-,-,-,-,-,-,
6.3626,83,1,not_sent,-1,706.8431,-,0,inf,-,-,-,-,-,-,-,-,-,-,
6.3626,84,1,not_sent,-1,711.6508,-,0,inf,-,-,-,-,-,-,-,-,-,-,
6.3626,85,1,not_sent,-1,713.9857,-,0,inf,-,-,-,-,-,-,-,-,-,-,
6.3626,86,1,not_sent,-1,770.6291,-,0,inf,-,-,-,-,-,-,-,-,-,-,
6.3626,87,1,not_sent,-1,777.3470,-,0,inf,-,-,-,-,-,-,-,-,-,-,
6.3626,88,1,not_sent,-1,778.2458,-,0,inf,-,-,-,-,-,-,-,-,-,-,
6.3626,89,1,not_sent,-1,778.7010,-,0,inf,-,-,-,-,-,-,-,-,-,-,
6.3626,90,1,not_sent,-1,779.7962,-,0,inf,-,-,-,-,-,-,-,-,-,-,
6.3626,91,1,not_sent,-1,789.1073,-,0,inf,-,-,-,-,-,-,-,-,-,-,
6.3626,92,1,not_sent,-1,803.9183,-,0,inf,-,-,-,-,-,-,-,-,-,-,
6.3626,93,1,not_sent,-1,809.0904,-,0,inf,-,-,-,-,-,-,-,-,-,-,
6.3626,94,1,not_sent,-1,809.7093,-,0,inf,-,-,-,-,-,-,-,-,-,-,
6.3626,95,1,not_sent,-1,814.2419,-,0,inf,-,-,-,-,-,-,-,-,-,-,
6.3626,96,1,not_sent,-1,866.6009,-,0,inf,-,-,-,-,-,-,-,-,-,-,
6.3626,97,1,not_sent,-1,873.7031,-,0,inf,-,-,-,-,-,-,-,-,-,-,
6.3626,98,1,not_sent,-1,907.1158,-,0,inf,-,-,-,-,-,-,-,-,-,-,
6.3626,99,1,not_sent,-1,925.7093,-,0,inf,-,-,-,-,-,-,-,-,-,-,
6.3626,100,1,not_sent,-1,925.8181,-,0,inf,-,-,-,-,-,-,-,-,-,-,
6.3626,101,1,not_sent,-1,937.8468,-,0,inf,-,-,-,-,-,-,-,-,-,-,
6.3626,102,1,not_sent,-1,948.6424,-,0,inf,-,-,-,-,-,-,-,-,-,-,
6.3626,103,1,not_sent,-1,955.9033,-,0,inf,-,-,-,-,-,-,-,-,-,-,
6.3626,104,1,not_sent,-1,958.8301,-,0,inf,-,-,-,-,-,-,-,-,-,-,
6.3626,105,1,not_sent,-1,968.4897,-,0,inf,-,-,-,-,-,-,-,-,-,-,
6.3626,106,1,not_sent,-1,969.6051,-,0,inf,-,-,-,-,-,-,-,-,-,-,
6.3626,107,1,not_sent,-1,974.9852,-,0,inf,-,-,-,-,-,-,-,-,-,-,
6.3626,108,1,not_sent,-1,980.6869,-,0,inf,-,-,-,-,-,-,-,-,-,-,
6.3626,109,1,not_sent,-1,1009.6858,-,0,inf,-,-,-,-,-,-,-,-,-,-,
5.8492,0,0,ok,-1,0.0000,6.4525,0,6.4525,0.0014,-,-,-,-,-,-,-,6.4299,0.0213,
5.8492,1,0,ok,-1,0.2598,17.9898,0,17.7300,0.0012,-,-,-,-,-,-,-,17.7017,0.0271,
5.8492,2,0,ok,-1,3.5590,18.0033,0,14.4444,0.0008,-,-,-,-,-,-,-,14.4029,0.0406,
5.8492,3,0,ok,-1,6.1499,23.5082,0,17.3583,0.0019,-,-,-,-,-,-,-,17.3337,0.0226,
5.8492,4,0,ok,-1,19.8296,29.0515,0,9.2219,0.0008,-,-,-,-,-,-,-,9.1917,0.0294,
5.8492,5,0,ok,-1,31.4123,37.0056,0,5.5933,0.0018,-,-,-,-,-,-,-,5.5734,0.0181,
5.8492,6,0,ok,-1,54.2593,59.8266,0,5.5673,0.0011,-,-,-,-,-,-,-,5.5439,0.0223,
5.8492,7,0,ok,-1,55.1922,65.3620,0,10.1697,0.0016,-,-,-,-,-,-,-,10.1480,0.0202,
5.8492,8,0,ok,-1,60.8140,76.9242,0,16.1103,0.0007,-,-,-,-,-,-,-,16.0768,0.0327,
5.8492,9,0,ok,-1,61.1243,76.9361,0,15.8118,0.0009,-,-,-,-,-,-,-,15.7661,0.0448,
5.8492,10,1,ok,-1,63.6550,88.4695,0,24.8145,0.0012,-,-,-,-,-,-,-,24.7780,0.0352,
5.8492,11,1,ok,-1,70.8756,88.4894,0,17.6138,0.0010,-,-,-,-,-,-,-,17.5576,0.0552,
5.8492,12,1,ok,-1,71.1515,100.0249,0,28.8734,0.0008,-,-,-,-,-,-,-,28.8383,0.0344,
5.8492,13,1,ok,-1,73.4255,100.0343,0,26.6088,0.0014,-,-,-,-,-,-,-,26.5634,0.0440,
5.8492,14,1,ok,-1,84.1910,111.5818,0,27.3909,0.0010,-,-,-,-,-,-,-,27.3548,0.0351,
5.8492,15,1,ok,-1,92.2672,111.5986,0,19.3314,0.0013,-,-,-,-,-,-,-,19.2785,0.0516,
5.8492,16,1,ok,-1,94.8216,123.1537,0,28.3321,0.0012,-,-,-,-,-,-,-,28.2977,0.0333,
5.8492,17,1,ok,-1,103.9490,123.1737,0,19.2247,0.0006,-,-,-,-,-,-,-,19.1709,0.0532,
5.8492,18,1,ok,-1,120.9537,134.7342,0,13.7805,0.0005,-,-,-,-,-,-,-,13.7456,0.0344,
5.8492,19,1,ok,-1,121.0206,134.7499,0,13.7294,0.0020,-,-,-,-,-,-,-,13.6775,0.0498,
5.8492,20,1,ok,-1,137.8327,143.4340,0,5.6014,0.0007,-,-,-,-,-,-,-,5.5785,0.0222,
5.8492,21,1,ok,-1,150.1193,155.7007,0,5.5814,0.0010,-,-,-,-,-,-,-,5.5584,0.0219,
5.8492,22,1,ok,-1,154.3854,161.2463,0,6.8609,0.0009,-,-,-,-,-,-,-,6.8377,0.0223,
5.8492,23,1,ok,-1,156.1189,166.7990,0,10.6802,0.0013,-,-,-,-,-,-,-,10.6598,0.0190,
5.8492,24,1,ok,-1,188.4464,194.0062,0,5.5599,0.0019,-,-,-,-,-,-,-,5.5409,0.0171,
5.8492,25,1,ok,-1,192.6558,199.5418,0,6.8860,0.0004,-,-,-,-,-,-,-,6.8625,0.0232,
5.8492,26,1,ok,-1,193.6542,211.0831,0,17.4289,0.0003,-,-,-,-,-,-,-,17.3962,0.0324,
5.8492,27,1,ok,-1,194.6976,211.1000,0,16.4023,0.0004,-,-,-,-,-,-,-,16.3530,0.0490,
5.8492,28,1,ok,-1,213.9879,219.5778,0,5.5899,0.0013,-,-,-,-,-,-,-,5.5658,0.0229,
5.8492,29,1,ok,-1,223.4829,229.0601,0,5.5772,0.0011,-,-,-,-,-,-,-,5.5555,0.0206,
5.8492,30,1,ok,-1,240.3644,245.9216,0,5.5572,0.0013,-,-,-,-,-,-,-,5.5358,0.0201,
5.8492,31,1,ok,-1,253.7850,259.3505,0,5.5655,0.0004,-,-,-,-,-,-,-,5.5423,0.0229,
5.8492,32,1,ok,-1,261.6667,267.2283,0,5.5616,0.0004,-,-,-,-,-,-,-,5.5413,0.0199,
5.8492,33,1,ok,-1,298.7609,304.2968,0,5.5359,0.0011,-,-,-,-,-,-,-,5.5119,0.0229,
5.8492,34,1,ok,-1,303.6402,309.7954,0,6.1552,0.0015,-,-,-,-,-,-,-,6.1303,0.0234,
5.8492,35,1,ok,-1,311.8778,317.4381,0,5.5603,0.0009,-,-,-,-,-,-,-,5.5330,0.0264,
5.8492,36,1,ok,-1,330.0182,335.5458,0,5.5276,0.0009,-,-,-,-,-,-,-,5.5061,0.0207,
5.8492,37,1,ok,-1,339.9035,345.4365,0,5.5330,0.0009,-,-,-,-,-,-,-,5.5104,0.0217,
5.8492,38,1,ok,-1,360.1972,365.7360,0,5.5387,0.0011,-,-,-,-,-,-,-,5.5130,0.0246,
5.8492,39,1,ok,-1,369.0314,374.5812,0,5.5498,0.0011,-,-,-,-,-,-,-,5.5269,0.0219,
5.8492,40,1,ok,-1,381.5389,387.0904,0,5.5515,0.0003,-,-,-,-,-,-,-,5.5246,0.0265,
5.8492,41,1,ok,-1,382.0201,398.5625,0,16.5424,0.0011,-,-,-,-,-,-,-,16.5104,0.0309,
5.8492,42,1,ok,-1,384.6731,398.5733,0,13.9002,0.0013,-,-,-,-,-,-,-,13.8573,0.0415,
5.8492,43,1,ok,-1,388.1775,410.0279,0,21.8504,0.0012,-,-,-,-,-,-,-,21.8206,0.0287,
5.8492,44,1,ok,-1,389.0305,410.0633,0,21.0328,0.0003,-,-,-,-,-,-,-,21.0115,0.0210,
5.8492,45,1,ok,-1,391.7487,421.5616,0,29.8128,0.0013,-,-,-,-,-,-,-,29.7784,0.0332,
5.8492,46,1,ok,-1,392.8409,421.5705,0,28.7295,0.0015,-,-,-,-,-,-,-,28.6860,0.0420,
5.8492,47,1,ok,-1,396.1818,433.0804,0,36.8986,0.0005,-,-,-,-,-,-,-,36.8677,0.0303,
5.8492,48,1,ok,-1,406.5394,433.0912,0,26.5518,0.0009,-,-,-,-,-,-,-,26.5096,0.0413,
5.8492,49,1,ok,-1,411.1950,444.6136,0,33.4186,0.0006,-,-,-,-,-,-,-,33.3832,0.0348,
5.8492,50,1,ok,-1,415.9374,444.6311,0,28.6937,0.0010,-,-,-,-,-,-,-,28.6404,0.0523,
5.8492,51,1,ok,-1,418.3490,456.1443,0,37.7953,0.0013,-,-,-,-,-,-,-,37.7651,0.0289,
5.8492,52,1,ok,-1,421.5348,456.1575,0,34.6227,0.0012,-,-,-,-,-,-,-,34.5467,0.0747,
5.8492,53,1,ok,-1,449.8375,461.6734,0,11.8358,0.0004,-,-,-,-,-,-,-,11.8088,0.0265,
5.8492,54,1,ok,-1,460.5489,467.2351,0,6.6862,0.0014,-,-,-,-,-,-,-,6.6599,0.0249,
5.8492,55,1,ok,-1,470.1849,475.7824,0,5.5975,0.0005,-,-,-,-,-,-,-,5.5737,0.0233,
5.8492,56,1,ok,-1,472.1103,481.3358,0,9.2255,0.0004,-,-,-,-,-,-,-,9.2041,0.0211,
5.8492,57,1,ok,-1,485.5079,491.0902,0,5.5823,0.0014,-,-,-,-,-,-,-,5.5610,0.0198,
5.8492,58,1,ok,-1,487.3381,496.6472,0,9.3091,0.0005,-,-,-,-,-,-,-,9.2769,0.0317,
5.8492,59,1,ok,-1,492.2326,502.1965,0,9.9639,0.0009,-,-,-,-,-,-,-,9.9332,0.0297,
5.8492,60,1,ok,-1,538.9936,544.5370,0,5.5433,0.0019,-,-,-,-,-,-,-,5.5195,0.0219,
5.8492,61,1,ok,-1,549.4735,555.0141,0,5.5406,0.0009,-,-,-,-,-,-,-,5.5204,0.0192,
5.8492,62,1,ok,-1,557.8240,563.3855,0,5.5615,0.0012,-,-,-,-,-,-,-,5.5361,0.0242,
5.8492,63,1,ok,-1,569.6610,575.2142,0,5.5532,0.0013,-,-,-,-,-,-,-,5.5265,0.0254,
5.8492,64,1,ok,-1,588.6436,594.1838,0,5.5402,0.0008,-,-,-,-,-,-,-,5.5158,0.0236,
5.8492,65,1,ok,-1,603.9903,609.5331,0,5.5428,0.0017,-,-,-,-,-,-,-,5.5208,0.0203,
5.8492,66,1,ok,-1,606.6587,621.0092,0,14.3505,0.0016,-,-,-,-,-,-,-,14.3191,0.0298,
5.8492,67,1,ok,-1,606.9934,621.0170,0,14.0237,0.0005,-,-,-,-,-,-,-,13.9856,0.0376,
5.8492,68,1,ok,-1,610.8810,632.4900,0,21.6089,0.0006,-,-,-,-,-,-,-,21.5790,0.0293,
5.8492,69,1,ok,-1,614.0775,632.5038,0,18.4263,0.0017,-,-,-,-,-,-,-,18.3814,0.0432,
5.8492,70,1,ok,-1,616.5083,637.9891,0,21.4808,0.0010,-,-,-,-,-,-,-,21.4549,0.0250,
5.8492,71,1,ok,-1,645.8775,651.4469,0,5.5694,0.0011,-,-,-,-,-,-,-,5.5422,0.0261,
5.8492,72,1,ok,-1,667.3207,672.8780,0,5.5573,0.0009,-,-,-,-,-,-,-,5.5332,0.0232,
5.8492,73,1,ok,-1,671.1967,678.3911,0,7.1943,0.0005,-,-,-,-,-,-,-,7.1747,0.0191,
5.8492,74,1,ok,-1,682.1262,687.6774,0,5.5512,0.0020,-,-,-,-,-,-,-,5.5241,0.0251,
5.8492,75,1,ok,-1,687.2917,693.1880,0,5.8963,0.0003,-,-,-,-,-,-,-,5.8748,0.0212,
5.8492,76,1,ok,-1,712.5236,718.0731,0,5.5494,0.0011,-,-,-,-,-,-,-,5.5225,0.0258,
5.8492,77,1,ok,-1,718.8225,724.3710,0,5.5485,0.0014,-,-,-,-,-,-,-,5.5237,0.0233,
5.8492,78,1,ok,-1,721.9791,729.8747,0,7.8957,0.0015,-,-,-,-,-,-,-,7.8766,0.0176,
5.8492,79,1,ok,-1,724.8840,735.4052,0,10.5212,0.0016,-,-,-,-,-,-,-,10.4969,0.0227,
5.8492,80,1,ok,-1,733.3374,740.9271,0,7.5897,0.0002,-,-,-,-,-,-,-,7.5676,0.0220,
5.8492,81,1,ok,-1,736.4641,746.4644,0,10.0003,0.0003,-,-,-,-,-,-,-,9.9745,0.0255,
5.8492,82,1,ok,-1,745.4753,751.9998,0,6.5244,0.0008,-,-,-,-,-,-,-,6.5014,0.0223,
5.8492,83,1,ok,-1,768.8737,774.4217,0,5.5480,0.0016,-,-,-,-,-,-,-,5.5268,0.0196,
5.8492,84,1,ok,-1,774.1034,779.9450,0,5.8416,0.0009,-,-,-,-,-,-,-,5.8176,0.0231,
5.8492,85,1,ok,-1,776.6431,785.4617,0,8.8186,0.0021,-,-,-,-,-,-,-,8.7946,0.0219,
5.8492,86,1,ok,-1,838.2575,843.7868,0,5.5293,0.0015,-,-,-,-,-,-,-,5.5021,0.0257,
5.8492,87,1,ok,-1,845.5649,851.1061,0,5.5412,0.0009,-,-,-,-,-,-,-,5.5134,0.0270,
5.8492,88,1,ok,-1,846.5426,862.5727,0,16.0301,0.0004,-,-,-,-,-,-,-,15.9985,0.0312,
5.8492,89,1,ok,-1,847.0377,862.5866,0,15.5489,0.0012,-,-,-,-,-,-,-,15.5027,0.0451,
5.8492,90,1,ok,-1,848.2290,874.0302,0,25.8012,0.0015,-,-,-,-,-,-,-,25.7719,0.0278,
5.8492,91,1,ok,-1,858.3572,874.0416,0,15.6844,0.0019,-,-,-,-,-,-,-,15.6432,0.0393,
5.8492,92,1,ok,-1,874.4680,880.0377,0,5.5697,0.0001,-,-,-,-,-,-,-,5.5437,0.0258,
5.8492,93,1,ok,-1,880.0940,885.6626,0,5.5686,0.0008,-,-,-,-,-,-,-,5.5473,0.0205,
5.8492,94,1,ok,-1,880.7672,891.2021,0,10.4348,0.0005,-,-,-,-,-,-,-,10.4117,0.0227,
5.8492,95,1,ok,-1,885.6976,896.7402,0,11.0426,0.0021,-,-,-,-,-,-,-,11.0123,0.0282,
5.8492,96,1,ok,-1,942.6514,948.1913,0,5.5399,0.0007,-,-,-,-,-,-,-,5.5153,0.0238,
5.8492,97,1,ok,-1,950.3770,955.9265,0,5.5495,0.0018,-,-,-,-,-,-,-,5.5202,0.0276,
5.8492,98,1,ok,-1,986.7218,992.2395,0,5.5176,0.0005,-,-,-,-,-,-,-,5.4952,0.0219,
5.8492,99,1,ok,-1,1006.9470,1012.4709,0,5.5239,0.0011,-,-,-,-,-,-,-,5.4947,0.0280,
5.8492,100,1,ok,-1,1007.0655,1017.9599,0,10.8945,0.0022,-,-,-,-,-,-,-,10.8722,0.0201,
5.8492,101,1,ok,-1,1020.1497,1025.6878,0,5.5381,0.0007,-,-,-,-,-,-,-,5.5183,0.0191,
5.8492,102,1,ok,-1,1031.8927,1037.4353,0,5.5426,0.0013,-,-,-,-,-,-,-,5.5218,0.0195,
5.8492,103,1,ok,-1,1039.7908,1045.3353,0,5.5445,0.0012,-,-,-,-,-,-,-,5.5224,0.0209,
5.8492,104,1,ok,-1,1042.9745,1050.8414,0,7.8669,0.0012,-,-,-,-,-,-,-,7.8417,0.0240,
5.8492,105,1,ok,-1,1053.4818,1059.0403,0,5.5586,0.0016,-,-,-,-,-,-,-,5.5334,0.0236,
5.8492,106,1,ok,-1,1054.6950,1064.5510,0,9.8559,0.0008,-,-,-,-,-,-,-,9.8370,0.0181,
5.8492,107,1,ok,-1,1060.5472,1070.0806,0,9.5334,0.0009,-,-,-,-,-,-,-,9.5048,0.0278,
5.8492,108,1,ok,-1,1066.7494,1075.5980,0,8.8486,0.0011,-,-,-,-,-,-,-,8.8313,0.0163,
5.8492,109,1,ok,-1,1098.2932,1103.8425,0,5.5493,0.0010,-,-,-,-,-,-,-,5.5198,0.0285,
